gene_id	gene_name	start	end	cds_coverage	left_igr_cov	right_igr_cov
gene-CD630_RS00365		34145	34558	5.8551	1162.7561	6.7175
gene-CD630_RS00420		51662	52507	4.9184	20.373	0.1574
gene-CD630_RS00425		52724	53890	0.7481	0.1574	0.0
gene-CD630_RS00430		53912	55558	0.7037	0.0	0.0
gene-CD630_RS00435		55655	57028	1.3945	0.0	1.5273
gene-CD630_RS00440		57469	58422	3.8742	1.5273	0.0
gene-CD630_RS00445		58460	59422	3.0623	0.0	9.2083
gene-CD630_RS00450		59447	60433	6.6545	9.2083	2.6667
gene-CD630_RS00455		60446	61492	4.8252	2.6667	3.3614
gene-CD630_RS00460	lpdA	61659	63389	6.3709	3.3614	3.6619
gene-CD630_RS00465		63807	66755	0.2696	3.6619	N/A
gene-CD630_RS00470		66733	67197	0.0	N/A	0.5949
gene-CD630_RS00475		67277	67579	0.0	0.5949	3.8289
gene-CD630_RS00480		67656	69005	0.1274	3.8289	0.0
gene-CD630_RS00485		69040	69513	0.0	0.0	0.0
gene-CD630_RS00490		69685	70335	0.2166	0.0	3.9942
gene-CD630_RS00495		70509	71441	6.8049	3.9942	6.7106
gene-CD630_RS01120		165666	166961	4.5656	58.7356	6.7381
gene-CD630_RS01170		175896	176993	0.0	18.0286	1.1141
gene-CD630_RS01175		177257	179476	4.1703	1.1141	1.5909
gene-CD630_RS01180		179521	180261	5.8893	1.5909	2869.7069
gene-CD630_RS01185		180593	182506	7.6567	2869.7069	4.9857
gene-CD630_RS01190		182647	182955	2.4142	4.9857	4.0435
gene-CD630_RS01195		182979	183305	1.5505	4.0435	0.3684
gene-CD630_RS01200	celB	183344	184678	1.4779	0.3684	0.0
gene-CD630_RS01205		184689	185207	0.0	0.0	0.0
gene-CD630_RS01210		185303	186262	1.324	0.0	2.5
gene-CD630_RS01215		186311	187363	2.095	2.5	3.0
gene-CD630_RS01220		187366	188040	1.5615	3.0	26.3949
gene-CD630_RS01255		197908	198948	2.4275	39.6037	8.0
gene-CD630_RS01280	hpdB	202040	204748	6.0406	23.7973	3.0
gene-CD630_RS01285	hpdC	204752	205009	7.3953	3.0	N/A
gene-CD630_RS01290	hpdA	205002	205952	8.9905	N/A	6.9841
gene-CD630_RS01295		206267	207229	7.8899	6.9841	64.9286
gene-CD630_RS01305		209440	209907	9.1688	14.8834	6.2513
gene-CD630_RS01310		211074	211787	3.8039	6.2513	0.3088
gene-CD630_RS01315		212060	213832	1.088	0.3088	0.2381
gene-CD630_RS01320	ccpM	213854	215275	0.8193	0.2381	1.0
gene-CD630_RS01325		215304	216374	0.5331	1.0	0.4
gene-CD630_RS01330		216390	216641	0.0	0.4	8.02
gene-CD630_RS01340		217381	217674	1.4762	12.9649	1.8779
gene-CD630_RS01345		217806	219155	0.317	1.8779	0.0
gene-CD630_RS01350		219192	220412	2.1155	0.0	0.7772
gene-CD630_RS01355		220781	222793	5.7655	0.7772	2.2234
gene-CD630_RS01360		223264	223914	6.0461	2.2234	32.8623
gene-CD630_RS01415		235839	236663	1.9721	9.989	1798.8594
gene-CD630_RS20185		238270	238483	0.1916	1759.2642	1.7269
gene-CD630_RS20190		238700	238858	5.1258	1.7269	3.5242
gene-CD630_RS01435		239189	240322	9.8325	3.5242	25.2787
gene-CD630_RS01470		246964	247854	9.945	10.0588	6.5829
gene-CD630_RS01475		248042	249073	1.3663	6.5829	5.215
gene-CD630_RS01500	larB	254150	254890	5.2456	242.1494	3.5
gene-CD630_RS19920	larC	255025	256157	8.2136	3.5	659.4436
gene-CD630_RS01525		260192	260500	3.0777	5.2381	3.7222
gene-CD630_RS01530		260537	261058	3.9138	3.7222	12.0078
gene-CD630_RS01535		261187	262020	9.7158	12.0078	1.875
gene-CD630_RS01540	uvrA	262205	265633	2.3476	1.875	5.9591
gene-CD630_RS01550		268442	270472	0.098	8.6235	N/A
gene-CD630_RS01555		270469	270921	0.362	N/A	0.0
gene-CD630_RS01560		270923	271978	0.7964	0.0	0.0
gene-CD630_RS01565		272045	272353	5.0939	0.0	11.0583
gene-CD630_RS01570		272457	273722	0.406	11.0583	0.2069
gene-CD630_RS01575		273810	274523	0.6947	0.2069	7.9468
gene-CD630_RS01590		277986	278279	0.0	5.861	0.0
gene-CD630_RS01595		278285	278500	0.0	0.0	1.3177
gene-CD630_RS01900		335742	336872	6.7851	52.1943	3.3053
gene-CD630_RS01905	splB	337099	338121	7.4154	3.3053	2.3149
gene-CD630_RS01910		338303	339214	2.6491	2.3149	10.0
gene-CD630_RS01915		339229	339645	4.952	10.0	8.1212
gene-CD630_RS01920		339745	340137	6.5267	8.1212	5.4429
gene-CD630_RS01930		341076	341282	5.5266	8.8458	7.6218
gene-CD630_RS01935		341439	342170	5.7637	7.6218	3.4337
gene-CD630_RS01945		343917	346484	4.9907	1.4303	7.4017
gene-CD630_RS01950		346714	347118	2.1827	7.4017	1.3043
gene-CD630_RS01955		347142	347639	0.6586	1.3043	4.0
gene-CD630_RS01960		347642	348043	3.3955	4.0	3.0
gene-CD630_RS01965		348061	348549	0.5174	3.0	0.0
gene-CD630_RS01970		348576	349331	1.0608	0.0	N/A
gene-CD630_RS01975		349331	350194	2.684	N/A	2.9565
gene-CD630_RS01980		350241	350720	7.5792	2.9565	7.3438
gene-CD630_RS01985		350785	352092	1.2943	7.3438	0.7128
gene-CD630_RS01995		353054	354148	0.9205	0.7128	0.0
gene-CD630_RS02000		354153	354353	1.2239	0.0	N/A
gene-CD630_RS02010		355267	356025	1.8353	N/A	5.0121
gene-CD630_RS02025	bioB	357885	358862	0.7301	12.3024	1.4384
gene-CD630_RS02030		359082	360104	5.3705	1.4384	2.2927
gene-CD630_RS02035	rbsK	360146	361036	5.3468	2.2927	0.4468
gene-CD630_RS02040		361084	362046	5.5088	0.4468	0.7358
gene-CD630_RS02045		362100	363611	1.5066	0.7358	N/A
gene-CD630_RS02050		363595	364593	1.2593	N/A	1.9126
gene-CD630_RS02055		364777	366039	0.6136	1.9126	0.0
gene-CD630_RS02060		366059	366802	1.703	0.0	3.5523
gene-CD630_RS02065		366975	368360	0.575	3.5523	1.9862
gene-CD630_RS02090		371408	372496	7.0872	1.3871	5.5711
gene-CD630_RS02095		372933	373781	2.7574	5.5711	5.4697
gene-CD630_RS02100		373980	374345	6.306	5.4697	10.5
gene-CD630_RS02125		382386	382994	1.6289	1820.7011	9.8315
gene-CD630_RS02130		383535	384308	9.0943	9.8315	12.0
gene-CD630_RS02140		385049	385972	4.869	N/A	7.9744
gene-CD630_RS02145		386129	387052	8.3615	7.9744	3.0
gene-CD630_RS02150		387054	387755	6.2764	3.0	N/A
gene-CD630_RS02160		388164	389093	7.2903	7.0044	8.7692
gene-CD630_RS02220	adhE	404609	407251	0.9765	5.4675	2.35
gene-CD630_RS02225		407612	407953	7.1404	2.35	3.3529
gene-CD630_RS02230		407988	408656	3.9432	3.3529	0.0
gene-CD630_RS02235		408668	411244	1.4979	0.0	0.6957
gene-CD630_RS02240		411452	412387	0.9327	0.6957	5.0
gene-CD630_RS02245		412406	413143	3.5949	5.0	40.75
gene-CD630_RS02260		419063	419314	4.8214	11.1245	7.7727
gene-CD630_RS02265		419403	420134	4.6639	7.7727	2.3966
gene-CD630_RS02270		420193	421104	5.7675	2.3966	128.7
gene-CD630_RS02280		422075	422767	2.6392	65.4112	2.0116
gene-CD630_RS02305		426451	427002	3.9293	18.2895	9.7529
gene-CD630_RS02310		427088	428020	3.6152	9.7529	5.5
gene-CD630_RS02325		430119	430322	4.9608	89.4805	0.0591
gene-CD630_RS02335		430695	430949	2.7529	0.0591	2.0
gene-CD630_RS02340		430953	431372	3.85	2.0	2.5136
gene-CD630_RS02345		431667	432041	2.2827	2.5136	8.8958
gene-CD630_RS02350		432090	433091	0.984	8.8958	N/A
gene-CD630_RS02355		433088	433747	1.0121	N/A	0.6207
gene-CD630_RS02360		433806	435782	1.083	0.6207	N/A
gene-CD630_RS02375		437439	438365	7.8242	N/A	4.0
gene-CD630_RS02385		439346	440038	5.7648	15.8142	4.9
gene-CD630_RS02395		440311	440511	8.6567	31.4706	5.8851
gene-CD630_RS02400		440599	441510	0.0	5.8851	0.0
gene-CD630_RS02405		441526	442533	0.0	0.0	N/A
gene-CD630_RS02420		447165	447563	0.0	N/A	0.0
gene-CD630_RS02425		447677	448180	0.0	0.0	0.0
gene-CD630_RS02430		448198	448701	0.0	0.0	N/A
gene-CD630_RS02435		448620	448916	0.0	N/A	0.5467
gene-CD630_RS02440		448992	449213	0.2117	0.5467	N/A
gene-CD630_RS02445		449214	449348	0.0	N/A	0.0
gene-CD630_RS02450	mobT	449360	450550	0.0756	0.0	0.0
gene-CD630_RS02455		450811	451209	0.0326	0.0	3.4545
gene-CD630_RS02460		451221	452591	0.0795	3.4545	0.0
gene-CD630_RS02465		452608	452991	0.1224	0.0	0.0
gene-CD630_RS02470		453006	453332	2.1621	0.0	0.0
gene-CD630_RS02480		453566	456610	0.5905	0.0	0.6354
gene-CD630_RS02485		456888	457163	0.6377	0.6354	0.3821
gene-CD630_RS02490		457410	459272	2.7343	0.3821	1.0
gene-CD630_RS02495		459275	460741	1.8003	1.0	9.3913
gene-CD630_RS02500		460765	461601	2.7145	9.3913	1.1868
gene-CD630_RS19630		461982	462119	0.0	1.1868	0.0
gene-CD630_RS02505	asnB	462184	463767	1.392	0.0	51.1795
gene-CD630_RS02580	rlmD	479068	480435	8.7281	9.7647	N/A
gene-CD630_RS19635		480432	480590	7.2327	N/A	9.0
gene-CD630_RS02605		483072	484856	1.0599	N/A	0.0
gene-CD630_RS02610		485020	485331	0.0	0.0	0.0
gene-CD630_RS02615		485335	485550	0.0	0.0	0.0
gene-CD630_RS02620		485569	486432	0.0	0.0	0.0
gene-CD630_RS02625		486450	486713	0.0	0.0	0.0
gene-CD630_RS02630		486717	487106	0.4513	0.0	N/A
gene-CD630_RS02635		487018	489447	0.0	N/A	0.0
gene-CD630_RS02640		489451	491583	0.0	0.0	0.0
gene-CD630_RS02645		491595	491834	0.0	0.0	N/A
gene-CD630_RS02650		491809	493350	0.0	N/A	0.0
gene-CD630_RS02655		493445	495151	0.2132	0.0	4.3929
gene-CD630_RS02665		496122	504845	0.2404	68.3902	0.0
gene-CD630_RS02670		504888	505547	1.0545	0.0	5.1765
gene-CD630_RS02675		505616	506947	2.3386	5.1765	4.0
gene-CD630_RS02680	mobC	506953	507303	2.5527	4.0	5.1212
gene-CD630_RS02695		509017	509619	2.7347	40.4779	0.0
gene-CD630_RS02700		509624	510316	1.5253	0.0	5.0
gene-CD630_RS02705		510328	511800	0.2335	5.0	0.0
gene-CD630_RS02710		511805	513520	1.7191	0.0	N/A
gene-CD630_RS02715		513521	515269	0.8816	N/A	8.6667
gene-CD630_RS02720		515285	516637	3.6223	8.6667	2.2173
gene-CD630_RS02725		516951	517364	0.0	2.2173	0.9633
gene-CD630_RS19640		517828	517974	0.0	0.9633	15.7541
gene-CD630_RS02750		524357	525757	5.5175	63.7722	4.3176
gene-CD630_RS02755	ord	526013	527080	0.5215	4.3176	0.0
gene-CD630_RS02760	ortA	527157	527465	0.0	0.0	N/A
gene-CD630_RS02765	ortB	527458	528888	0.0	N/A	0.0
gene-CD630_RS02770		528966	529340	0.2587	0.0	N/A
gene-CD630_RS02785	orr	532932	533996	0.0	N/A	0.0
gene-CD630_RS02790	nhaC	534026	535447	0.0	0.0	0.0
gene-CD630_RS02795		535711	536175	0.1957	0.0	5.9158
gene-CD630_RS02830		542073	544316	0.2799	12.1954	0.0
gene-CD630_RS02835		544648	545364	0.0	0.0	0.0
gene-CD630_RS02840		545392	546318	0.1855	0.0	0.3673
gene-CD630_RS02845		546662	547345	0.9254	0.3673	N/A
gene-CD630_RS02850		547342	550002	2.3435	N/A	7.3556
gene-CD630_RS02855		550183	551364	5.9755	7.3556	N/A
gene-CD630_RS02860		551364	552026	5.2851	N/A	1.5344
gene-CD630_RS02865		552158	552796	4.4022	1.5344	0.0
gene-CD630_RS02870		552975	553580	1.1782	0.0	1.0139
gene-CD630_RS02875		554084	554833	7.576	1.0139	N/A
gene-CD630_RS02885		555693	556514	1.5243	3.7449	3.0
gene-CD630_RS02890		556528	558192	0.421	3.0	0.0
gene-CD630_RS02895		558197	560071	1.1125	0.0	1293.1328
gene-CD630_RS02910		562847	563524	6.8053	2.5431	N/A
gene-CD630_RS02935		566410	566922	7.0624	8.1662	5.6378
gene-CD630_RS02940		567177	567881	0.8468	5.6378	N/A
gene-CD630_RS02960		570187	571611	8.2905	15.7222	5.0921
gene-CD630_RS02965		571851	574319	0.2718	5.0921	0.0
gene-CD630_RS02970		574322	574990	0.0075	0.0	2.4023
gene-CD630_RS02975		575165	576325	3.3049	2.4023	N/A
gene-CD630_RS02990	sugE	579018	579338	3.2648	0.8688	38.6894
gene-CD630_RS03000		580547	581599	0.2621	4.5924	0.0
gene-CD630_RS03005		581646	582062	0.9496	0.0	2.6786
gene-CD630_RS03010		582091	582564	1.8397	2.6786	2.6522
gene-CD630_RS03015		582611	583369	5.9736	2.6522	6.0
gene-CD630_RS03020		583393	584232	4.7	6.0	1.9571
gene-CD630_RS03025		584769	585425	8.7793	1.9571	34.3792
gene-CD630_RS03070		590560	593007	1.8109	N/A	1.4643
gene-CD630_RS03075		593064	595175	4.6728	1.4643	N/A
gene-CD630_RS03080		595172	596116	0.981	N/A	4.5694
gene-CD630_RS03085	ltrA	596830	598659	6.9454	4.5694	1.8599
gene-CD630_RS03095		598817	599749	1.1651	1.8599	108.007
gene-CD630_RS03160		617747	618508	7.1024	8.2939	N/A
gene-CD630_RS19660		623250	623408	3.2013	18.1469	2.315
gene-CD630_RS03185		624136	627234	4.5118	2.315	9.2213
gene-CD630_RS03190		627357	628643	6.2261	9.2213	41.672
gene-CD630_RS03225		636501	637412	2.2829	16.2514	6.3966
gene-CD630_RS03230		637587	638084	4.494	6.3966	1.9677
gene-CD630_RS03285		648088	648951	2.9491	5.3619	47.9242
gene-CD630_RS03320		655805	656461	0.0	4.4469	0.0
gene-CD630_RS03325	sleC	656969	658240	0.0715	0.0	0.0
gene-CD630_RS03330		658485	659201	0.7782	0.0	2.5
gene-CD630_RS03335		659280	660590	9.4211	2.5	10.3131
gene-CD630_RS03385	queG	670855	671769	4.7639	10.0663	4.2095
gene-CD630_RS03390		671875	674112	6.4549	4.2095	14.6564
gene-CD630_RS03415		678547	679659	9.0305	11.928	2.7891
gene-CD630_RS03420		680082	680843	1.8701	2.7891	1.0
gene-CD630_RS03425		680846	681664	4.2527	1.0	8.2737
gene-CD630_RS03440		686149	687240	3.5238	10.8305	3.1315
gene-CD630_RS03445		687910	689250	9.7323	3.1315	11.1517
gene-CD630_RS03455		690693	691943	2.8066	3.175	1.5552
gene-CD630_RS03460		692234	692812	0.8221	1.5552	0.4
gene-CD630_RS03465		693198	694658	5.3963	0.4	2.8231
gene-CD630_RS03470		695032	695637	3.5578	2.8231	12.5
gene-CD630_RS03495		702215	703690	3.8896	20.5316	1.1232
gene-CD630_RS03515		705775	708270	1.7556	49.085	0.0
gene-CD630_RS03520		708285	713495	2.4972	0.0	0.5491
gene-CD630_RS03525		713720	715819	0.2662	0.5491	0.0
gene-CD630_RS03530		715862	716257	0.0	0.0	0.046
gene-CD630_RS03535		717279	717467	5.1799	0.046	5.2678
gene-CD630_RS03540		717651	718091	2.4467	5.2678	3.8588
gene-CD630_RS03555		720829	721050	8.9054	9.6155	N/A
gene-CD630_RS03560		721050	721313	7.572	N/A	3.541
gene-CD630_RS03565		721375	721947	5.1449	3.541	17.5102
gene-CD630_RS20330		722536	722772	0.0	17.5102	2.9624
gene-CD630_RS03575		723491	724024	8.7154	2.9624	6.592
gene-CD630_RS03580		724226	724429	7.402	6.592	15.0923
gene-CD630_RS03590		726099	726512	3.942	0.4215	8.7949
gene-CD630_RS03595		726630	727121	5.0508	8.7949	12.3208
gene-CD630_RS03620		731290	731859	0.7561	2.9552	4.6358
gene-CD630_RS20340		732195	733532	2.3154	4.6358	1.2208
gene-CD630_RS03630		733927	734637	3.5724	1.2208	0.1619
gene-CD630_RS03635		735021	737132	0.8944	0.1619	N/A
gene-CD630_RS03665		743073	743222	8.9133	6.8555	6.5833
gene-CD630_RS03670		743235	743465	7.632	6.5833	6.2399
gene-CD630_RS03675		744283	744504	5.1712	6.2399	0.7634
gene-CD630_RS03680		745084	745341	0.5543	0.7634	2.4584
gene-CD630_RS03685		745811	747049	3.2284	2.4584	1.8815
gene-CD630_RS03690		748113	749414	2.5607	1.8815	0.6533
gene-CD630_RS03695		749490	749765	5.279	0.6533	6.8447
gene-CD630_RS03710		752696	753373	9.0664	42.0105	3.8564
gene-CD630_RS03715		753562	754926	0.3993	3.8564	3.3543
gene-CD630_RS03720		755054	755575	3.3812	3.3543	6.0916
gene-CD630_RS03725		755707	755964	0.3682	6.0916	1.9954
gene-CD630_RS03730		756182	757261	6.0185	1.9954	4.8793
gene-CD630_RS03735		757585	757953	8.7154	4.8793	9.4741
gene-CD630_RS03740		758070	758873	4.8582	9.4741	1.9141
gene-CD630_RS03745		759258	760148	4.9439	1.9141	3.4968
gene-CD630_RS03750		760612	761055	5.7117	3.4968	5.6901
gene-CD630_RS19670		761227	761397	8.4386	5.6901	4.2796
gene-CD630_RS03755		761770	762891	4.1684	4.2796	7.0637
gene-CD630_RS03760		763096	763584	8.1534	7.0637	10.6824
gene-CD630_RS03785		766504	767421	5.1983	N/A	9.5972
gene-CD630_RS03790		767494	768420	7.411	9.5972	N/A
gene-CD630_RS03795		768417	769097	5.5947	N/A	6.31
gene-CD630_RS20345		769198	769353	6.7821	6.31	18.0
gene-CD630_RS03810		771554	773599	0.3451	56.9692	0.6875
gene-CD630_RS03815		773616	775571	0.6692	0.6875	6.0
gene-CD630_RS03820		775587	776777	0.9547	6.0	1.4653
gene-CD630_RS03825		777958	778332	4.2453	1.4653	6.0
gene-CD630_RS03830		778334	779191	2.7727	6.0	4.0
gene-CD630_RS03835		779194	779832	9.2113	4.0	4.3313
gene-CD630_RS03840		780838	781572	3.883	4.3313	4.8765
gene-CD630_RS03845		782520	783776	1.4773	4.8765	0.6452
gene-CD630_RS03850		783839	785032	1.5461	0.6452	5.06
gene-CD630_RS03860	tcdR	786521	787075	0.445	4.9338	3.2997
gene-CD630_RS03865	tcdB	787393	794493	1.0537	3.2997	0.5785
gene-CD630_RS03870	tcdE	794615	795115	0.0	0.5785	0.0
gene-CD630_RS20100		795224	795355	0.0	0.0	22.2649
gene-CD630_RS03895		805897	806166	6.2481	15.1382	1.0479
gene-CD630_RS03900		807044	807781	0.0	1.0479	0.0
gene-CD630_RS03905		807793	808554	0.0	0.0	N/A
gene-CD630_RS03910		808554	809477	0.0	N/A	1.8137
gene-CD630_RS03915		809639	810346	6.1893	1.8137	12.5227
gene-CD630_RS03920		810391	811797	4.4662	12.5227	3.2743
gene-CD630_RS03925		813559	813948	3.8359	3.2743	3.1542
gene-CD630_RS03930		814883	815353	1.4268	3.1542	10.6392
gene-CD630_RS03940		817366	818073	9.678	26.6739	7.6596
gene-CD630_RS03945		818685	819185	2.2715	7.6596	1.5556
gene-CD630_RS03950		819393	820172	1.4269	1.5556	N/A
gene-CD630_RS03955		820169	820648	2.5542	N/A	0.0286
gene-CD630_RS03960		821243	821449	0.0	0.0286	0.0
gene-CD630_RS03965		821646	822653	0.4901	0.0	0.0
gene-CD630_RS03970		822691	824118	0.3109	0.0	0.0
gene-CD630_RS03975		824262	825527	0.2551	0.0	0.7073
gene-CD630_RS03980		825569	827167	1.7098	0.7073	2.9118
gene-CD630_RS03985		827202	828224	8.9433	2.9118	5.0097
gene-CD630_RS03990		828739	830142	0.0	5.0097	50.9282
gene-CD630_RS04010		832681	833226	4.1886	302.2273	3.9368
gene-CD630_RS04020		836028	837932	2.0819	5.9425	1.9419
gene-CD630_RS04025		838776	839555	2.7295	1.9419	26.6796
gene-CD630_RS04035		841629	842447	1.8657	2.4342	7.994
gene-CD630_RS04040		842615	843196	8.3969	7.994	N/A
gene-CD630_RS04050		843551	845293	1.9552	7.9693	2.243
gene-CD630_RS04055		845722	847098	8.7466	2.243	11.542
gene-CD630_RS04085		854087	854770	3.6491	57.6465	7.4806
gene-CD630_RS04145		871523	873277	7.1493	59.4	2.7059
gene-CD630_RS20350		874520	874654	1.1407	49.8171	2.513
gene-CD630_RS04275		900184	901065	0.8073	7.3654	0.9076
gene-CD630_RS04285		902546	903643	2.7277	9.7157	0.1952
gene-CD630_RS04290	glpK	903936	905462	0.4113	0.1952	0.0
gene-CD630_RS04295		905503	906618	3.3056	0.0	15.1036
gene-CD630_RS04400		934622	936607	1.0222	14.7664	0.0
gene-CD630_RS04405		936612	937046	0.0	0.0	0.7143
gene-CD630_RS04410		937075	937635	0.4349	0.7143	0.6508
gene-CD630_RS20205		937699	938199	0.0818	0.6508	0.0
gene-CD630_RS20210		938239	938658	1.3167	0.0	3.95
gene-CD630_RS04430	srlD	939165	939938	0.6279	3.59	0.0
gene-CD630_RS04435		940287	942431	2.5958	0.0	21.7931
gene-CD630_RS04445	spoIIAB	942868	943296	7.1865	5.1538	8.9545
gene-CD630_RS04450	sigF	943319	944083	8.5935	8.9545	9.9319
gene-CD630_RS04455	spoVAC	944363	944800	0.0	9.9319	0.0
gene-CD630_RS04460	spoVAD	944967	945980	0.0	0.0	0.0
gene-CD630_RS04465	spoVAE	945994	946356	0.1322	0.0	17.2253
gene-CD630_RS04500	yunB	954571	955269	1.1888	8.2019	4.8815
gene-CD630_RS04505		955481	956488	5.872	4.8815	4.9427
gene-CD630_RS04510		956716	957600	4.5763	4.9427	8.2736
gene-CD630_RS04555		964556	964942	0.0	N/A	3.1517
gene-CD630_RS04575		968115	969011	0.0	1.9925	0.0
gene-CD630_RS04580		969149	970411	0.0	0.0	0.0
gene-CD630_RS04585		970487	971680	0.0	0.0	0.0
gene-CD630_RS04590		972309	973103	0.7748	0.0	0.0
gene-CD630_RS04595		973198	974538	0.0634	0.0	0.0
gene-CD630_RS04600		974675	975907	0.1444	0.0	0.0
gene-CD630_RS04605	acrC	975947	977089	0.1129	0.0	0.0
gene-CD630_RS04610		977100	977894	1.6226	0.0	0.0
gene-CD630_RS04615		977908	978927	1.7431	0.0	6.602
gene-CD630_RS04620		979026	980402	3.7262	6.602	205.864
gene-CD630_RS04660		987150	988337	1.6658	7.92	2.3493
gene-CD630_RS04665		988673	990472	2.6522	2.3493	134.7039
gene-CD630_RS04740		1006531	1007658	3.75	80.4947	9.3221
gene-CD630_RS04795		1017940	1018794	4.9158	193.4094	7.814
gene-CD630_RS04800		1018838	1020073	9.534	7.814	9.25
gene-CD630_RS04810		1021334	1021687	0.9435	70.2661	3.2678
gene-CD630_RS04820		1023154	1023588	3.6989	21.8031	2.6364
gene-CD630_RS04825		1023611	1025146	2.3711	2.6364	11.2892
gene-CD630_RS04845		1027707	1028150	5.2635	4.0	9.8423
gene-CD630_RS04875		1034426	1036051	8.9994	25.1676	6.2
gene-CD630_RS04880		1036067	1037083	5.6519	6.2	2.6636
gene-CD630_RS04885		1037298	1037927	0.0	2.6636	0.0
gene-CD630_RS04890		1038062	1038388	1.3547	0.0	0.0
gene-CD630_RS04895		1038404	1039693	1.324	0.0	1.5652
gene-CD630_RS04900		1039717	1040046	2.8394	1.5652	0.415
gene-CD630_RS04905		1040194	1041522	5.4357	0.415	20.1273
gene-CD630_RS04950		1049252	1050274	3.781	14.277	1.9308
gene-CD630_RS04955		1050405	1051160	3.2368	1.9308	N/A
gene-CD630_RS04965		1052858	1053895	2.0954	205.6658	0.3854
gene-CD630_RS04970		1053992	1054747	1.1627	0.3854	N/A
gene-CD630_RS04995		1060468	1061628	7.4849	28.4545	5.0
gene-CD630_RS05000	glgD	1061630	1062760	9.3333	5.0	18.6429
gene-CD630_RS05030	speD	1071633	1072046	8.4034	7.4302	16.5862
gene-CD630_RS05095		1086376	1087242	0.0	29.1592	0.8929
gene-CD630_RS05100		1087383	1088036	5.763	0.8929	25.6957
gene-CD630_RS05115		1091736	1093184	8.7253	6.8	2.7177
gene-CD630_RS05125		1094326	1094514	0.0	5.882	0.0
gene-CD630_RS05130		1094548	1095342	0.2214	0.0	1.8852
gene-CD630_RS05135		1095404	1095604	4.6468	1.8852	182.8158
gene-CD630_RS05145		1096282	1096479	0.8687	125.4783	0.0
gene-CD630_RS05150		1096496	1096825	0.0	0.0	0.0
gene-CD630_RS05155		1096927	1097115	0.0	0.0	0.0
gene-CD630_RS05160		1097131	1097343	0.0	0.0	0.0
gene-CD630_RS05165		1097442	1097684	0.0	0.0	0.0
gene-CD630_RS05170		1097768	1098283	0.3508	0.0	0.0
gene-CD630_RS05175	bet	1098285	1099187	0.536	0.0	0.0
gene-CD630_RS05180		1099200	1100039	0.0	0.0	0.0
gene-CD630_RS05185		1100110	1100364	0.0	0.0	0.0
gene-CD630_RS05190		1100438	1100701	0.0	0.0	0.0
gene-CD630_RS05195		1100713	1101063	0.0	0.0	0.0
gene-CD630_RS05200		1101067	1101447	0.0	0.0	N/A
gene-CD630_RS05215		1101998	1102333	0.0	N/A	0.0
gene-CD630_RS05220		1102433	1102708	0.0	0.0	0.0
gene-CD630_RS05225		1102804	1103877	0.0	0.0	0.0
gene-CD630_RS05230		1103957	1104166	0.0	0.0	0.0
gene-CD630_RS05235		1104178	1105173	0.0	0.0	0.0
gene-CD630_RS05240		1105182	1105907	0.0	0.0	N/A
gene-CD630_RS05245		1106070	1106441	0.3629	N/A	0.0
gene-CD630_RS05250		1106444	1106911	0.0876	0.0	0.0
gene-CD630_RS05255		1106990	1107175	0.0	0.0	0.0
gene-CD630_RS05260		1107189	1107428	0.1958	0.0	0.0
gene-CD630_RS05265		1107557	1108363	0.4312	0.0	0.0
gene-CD630_RS05270		1108377	1108784	0.0	0.0	0.0
gene-CD630_RS05275		1108799	1109524	0.0	0.0	1.3226
gene-CD630_RS05280		1109618	1110106	1.3292	1.3226	27.2182
gene-CD630_RS05310		1113303	1114544	0.0	N/A	0.0
gene-CD630_RS05315		1114550	1115989	0.3069	0.0	N/A
gene-CD630_RS05325		1117438	1117680	6.6132	N/A	2.0809
gene-CD630_RS05330		1117990	1118553	0.0	2.0809	0.0
gene-CD630_RS05335		1118565	1119464	0.26	0.0	N/A
gene-CD630_RS05340		1119464	1119697	0.5256	N/A	0.0
gene-CD630_RS05345		1119707	1120108	0.699	0.0	N/A
gene-CD630_RS19690		1121288	1121473	0.0	N/A	0.0
gene-CD630_RS05365		1121475	1122785	0.4119	0.0	0.0
gene-CD630_RS05370		1122802	1123272	0.1932	0.0	0.0
gene-CD630_RS05375		1123344	1123784	0.2063	0.0	62.9324
gene-CD630_RS05395		1127194	1129545	0.4022	63.7143	2.0
gene-CD630_RS05400		1129561	1130250	0.4029	2.0	N/A
gene-CD630_RS05405		1130243	1132213	0.3633	N/A	0.0
gene-CD630_RS05410		1132227	1132487	0.6858	0.0	0.0
gene-CD630_RS05415		1132492	1132911	0.131	0.0	N/A
gene-CD630_RS05425		1133954	1134571	0.0	N/A	0.0
gene-CD630_RS05430		1134583	1135386	0.1132	0.0	0.0
gene-CD630_RS05435		1135404	1137101	1.8775	0.0	0.0
gene-CD630_RS05440		1137118	1137411	3.2789	0.0	N/A
gene-CD630_RS05445		1137411	1137593	2.7322	N/A	1.1765
gene-CD630_RS05450		1137628	1137858	0.2165	1.1765	0.0
gene-CD630_RS05455		1137878	1138138	0.3142	0.0	N/A
gene-CD630_RS05460		1138135	1138950	0.0551	N/A	3.0
gene-CD630_RS05465		1138967	1139263	0.8653	3.0	2.7743
gene-CD630_RS05490		1142957	1143262	0.5359	96.236	0.2308
gene-CD630_RS05495		1143302	1143688	0.2041	0.2308	0.0
gene-CD630_RS05500		1143847	1144398	0.4275	0.0	0.6035
gene-CD630_RS05505		1144800	1146020	7.1188	0.6035	11.1429
gene-CD630_RS05545	leuA	1152981	1154723	0.6558	5.8414	N/A
gene-CD630_RS05550	leuC	1154680	1155957	0.133	N/A	0.0
gene-CD630_RS05555	leuD	1155972	1156463	0.7134	0.0	0.0
gene-CD630_RS05560	leuB	1156470	1157540	0.7134	0.0	2.7873
gene-CD630_RS05585		1163152	1166697	3.6678	9.1169	4.5707
gene-CD630_RS05590		1166882	1168816	6.9065	4.5707	6.0667
gene-CD630_RS05605		1170662	1171360	2.9041	N/A	0.377
gene-CD630_RS05610	ybaK	1171483	1171956	5.7806	0.377	11.1327
gene-CD630_RS05645		1177160	1177894	6.6231	10.7211	0.0
gene-CD630_RS05650	nagA	1177904	1179037	4.4868	0.0	6.7857
gene-CD630_RS05655	nagB	1179136	1179885	7.804	6.7857	15.3621
gene-CD630_RS05660		1180060	1180332	1.696	15.3621	1.3141
gene-CD630_RS05665		1180992	1181696	1.1418	1.3141	3.0
gene-CD630_RS05670		1181698	1183185	2.203	3.0	13.2097
gene-CD630_RS05680		1185366	1186196	6.0012	13.4199	0.75
gene-CD630_RS05685		1186269	1187996	0.8102	0.75	0.4444
gene-CD630_RS05690		1188033	1189895	0.8905	0.4444	0.2771
gene-CD630_RS05695		1190228	1190917	0.0	0.2771	0.0
gene-CD630_RS05700		1191034	1191708	0.0	0.0	0.0
gene-CD630_RS05705		1191725	1193632	0.6892	0.0	3.7212
gene-CD630_RS05745		1200548	1202212	0.6378	N/A	0.0
gene-CD630_RS05750		1202261	1203517	0.1098	0.0	0.0
gene-CD630_RS05755		1203540	1205621	0.7416	0.0	0.0
gene-CD630_RS05760		1205658	1206743	1.0939	0.0	0.1509
gene-CD630_RS05765	wecB	1206797	1207921	2.0311	0.1509	0.1039
gene-CD630_RS05770		1207999	1208973	1.1877	0.1039	1958.3591
gene-CD630_RS05810		1221251	1223470	5.5541	N/A	7.7685
gene-CD630_RS05815		1223579	1224409	6.8159	7.7685	N/A
gene-CD630_RS05870		1243525	1244385	8.6562	6.0746	N/A
gene-CD630_RS05935		1255606	1256031	0.2066	16.7193	1.2979
gene-CD630_RS05940		1256079	1256285	0.8116	1.2979	0.2265
gene-CD630_RS05945		1256467	1256646	0.6611	0.2265	0.6061
gene-CD630_RS05950		1256680	1256880	3.4378	0.6061	4.5407
gene-CD630_RS05960		1258272	1258670	1.0702	49.4672	0.0
gene-CD630_RS05965		1258882	1259787	0.1656	0.0	3195.8197
gene-CD630_RS06005		1267196	1267948	3.6215	28.7155	5.24
gene-CD630_RS06010		1267974	1268384	6.09	5.24	19.0
gene-CD630_RS06020		1269131	1269601	5.4289	N/A	2.875
gene-CD630_RS06025		1269618	1270376	4.5679	2.875	N/A
gene-CD630_RS06075	zupT	1280584	1281387	0.2201	96.9533	0.0
gene-CD630_RS06080		1281491	1282042	3.0996	0.0	0.328
gene-CD630_RS06085	rgbR	1282293	1283006	1.6877	0.328	N/A
gene-CD630_RS06100		1285780	1285983	0.0	18.5949	0.0
gene-CD630_RS06105		1286405	1286662	0.0	0.0	N/A
gene-CD630_RS06110		1286643	1287083	0.0	N/A	1.1483
gene-CD630_RS06115		1287556	1288329	7.5168	1.1483	4.0
gene-CD630_RS06120		1288335	1289144	3.8556	4.0	N/A
gene-CD630_RS06135		1291124	1291816	6.1443	5.3333	N/A
gene-CD630_RS06140		1291809	1291997	7.8519	N/A	4.1863
gene-CD630_RS06145		1292159	1292512	0.0	4.1863	0.0
gene-CD630_RS06150	mobC	1292761	1293090	0.0	0.0	N/A
gene-CD630_RS06180		1296066	1296272	1.7681	N/A	3.0
gene-CD630_RS06185		1296275	1300306	0.0759	3.0	0.0
gene-CD630_RS06190		1300439	1302529	0.0	0.0	0.0
gene-CD630_RS06195		1302546	1302734	0.0	0.0	N/A
gene-CD630_RS06205		1303449	1303706	0.0	N/A	0.0
gene-CD630_RS06210		1303738	1305678	0.0	0.0	0.1538
gene-CD630_RS06215		1305705	1306664	0.2656	0.1538	N/A
gene-CD630_RS06225		1309038	1309442	0.0	N/A	0.0
gene-CD630_RS06230		1309464	1310333	0.0	0.0	0.0
gene-CD630_RS06235		1310350	1310565	0.0	0.0	0.0
gene-CD630_RS19705		1310765	1310932	0.0	0.0	N/A
gene-CD630_RS06245		1312709	1313185	0.0	N/A	0.0
gene-CD630_RS06250		1313268	1313486	0.0	0.0	0.0
gene-CD630_RS06255		1313507	1314481	0.0	0.0	0.0
gene-CD630_RS06260		1315171	1315860	0.6406	0.0	0.0
gene-CD630_RS06265		1316081	1318453	1.1096	0.0	0.0
gene-CD630_RS06270		1318468	1319370	2.6445	0.0	5.9474
gene-CD630_RS06275		1319390	1319941	8.7844	5.9474	2.4479
gene-CD630_RS06305		1325502	1325699	1.9596	12.9476	1.0
gene-CD630_RS06450		1352637	1352966	0.0	36.3209	0.0
gene-CD630_RS06455		1352970	1353761	1.899	0.0	14.627
gene-CD630_RS06510		1364274	1365479	5.3839	13.4967	4.215
gene-CD630_RS06515		1365680	1366246	2.5556	4.215	0.4588
gene-CD630_RS06520		1366526	1367785	0.1659	0.4588	3.0484
gene-CD630_RS06525		1367910	1368623	6.4706	3.0484	16.3932
gene-CD630_RS06530	larA	1368741	1370015	1.4314	16.3932	1.0
gene-CD630_RS06535		1370032	1370820	3.4854	1.0	2.0
gene-CD630_RS06620		1388908	1389153	0.1545	3.14	0.0882
gene-CD630_RS06625		1389188	1389913	0.0	0.0882	0.0
gene-CD630_RS06630		1389935	1391248	0.4855	0.0	4.3951
gene-CD630_RS06650		1395249	1395770	0.0	N/A	0.0
gene-CD630_RS06655	spoIIIAC	1395787	1395984	0.0	0.0	0.0
gene-CD630_RS06660	spoIIIAD	1396009	1396386	0.1085	0.0	1.1548
gene-CD630_RS06665	spoIIIAE	1396471	1397676	0.1401	1.1548	0.0
gene-CD630_RS06670		1397736	1398353	0.0	0.0	0.0
gene-CD630_RS06675		1398365	1398919	0.0	0.0	0.0
gene-CD630_RS06680		1398946	1399635	0.1609	0.0	20.4495
gene-CD630_RS06750		1411397	1412455	0.0954	7.1125	231.2837
gene-CD630_RS06850		1432373	1433800	0.3929	2.9263	46.4428
gene-CD630_RS06855		1436823	1436978	2.1346	46.4428	0.0
gene-CD630_RS06860		1437257	1437475	0.0	0.0	0.9443
gene-CD630_RS06865		1438696	1439079	4.3203	0.9443	0.6825
gene-CD630_RS06870		1439206	1439550	1.571	0.6825	8.0275
gene-CD630_RS06875		1439733	1439948	4.6389	8.0275	4.5259
gene-CD630_RS06880		1440934	1441251	5.3333	4.5259	6.9208
gene-CD630_RS19970		1441694	1441876	0.8251	6.9208	0.0
gene-CD630_RS06890		1442312	1442701	0.0	0.0	0.892
gene-CD630_RS06895	vanZ1	1443026	1443535	8.7412	0.892	18.9208
gene-CD630_RS06900		1443637	1443831	0.3897	18.9208	0.9573
gene-CD630_RS06905		1444347	1444739	3.5674	0.9573	0.2544
gene-CD630_RS06910		1445306	1445668	0.2479	0.2544	N/A
gene-CD630_RS06915		1445652	1446386	0.9156	N/A	0.0
gene-CD630_RS06920		1446406	1446825	0.5167	0.0	N/A
gene-CD630_RS07000	brnQ	1461531	1462823	2.2939	5.0876	14.9231
gene-CD630_RS07030		1470396	1470893	5.6185	91.0914	0.8354
gene-CD630_RS07035		1471137	1472201	0.9211	0.8354	0.0
gene-CD630_RS07040		1472204	1473301	1.439	0.0	0.0
gene-CD630_RS07045		1473315	1474250	0.672	0.0	1.9219
gene-CD630_RS07050		1474379	1475026	1.9568	1.9219	N/A
gene-CD630_RS07055		1475019	1476182	1.683	N/A	0.1967
gene-CD630_RS07060		1476366	1476710	0.0	0.1967	0.0
gene-CD630_RS07065		1476741	1478342	0.5843	0.0	0.0
gene-CD630_RS07070	dprA	1478361	1479461	9.7566	0.0	6.7188
gene-CD630_RS07085		1482638	1483903	3.7441	122.8868	3.0667
gene-CD630_RS07090		1483934	1484704	4.7471	3.0667	16.4167
gene-CD630_RS07155		1498573	1498773	0.0	64.9709	0.0
gene-CD630_RS07160		1498827	1499990	0.0	0.0	2.5714
gene-CD630_RS07165		1500201	1500623	1.844	2.5714	0.4
gene-CD630_RS07170		1500644	1501480	0.9785	0.4	4.4848
gene-CD630_RS07195	ytfJ	1504409	1504837	0.6061	N/A	5.0567
gene-CD630_RS07200		1505085	1505525	7.8798	5.0567	11.6667
gene-CD630_RS07210		1507083	1507751	0.6786	11.5	1.6493
gene-CD630_RS19710		1508020	1508160	1.5177	1.6493	49.9425
gene-CD630_RS07390		1550494	1552071	1.7123	11.8273	8.9388
gene-CD630_RS07395		1552219	1552971	9.0943	8.9388	5.9773
gene-CD630_RS07400		1553104	1554450	9.7817	5.9773	834.5135
gene-CD630_RS07430		1561214	1562335	8.0856	25.3386	3.9848
gene-CD630_RS07435		1562534	1562866	3.5736	3.9848	N/A
gene-CD630_RS07455		1565752	1566459	0.4972	20.5217	0.0
gene-CD630_RS07460		1566461	1567177	0.3598	0.0	0.0
gene-CD630_RS07465		1567179	1567937	0.8116	0.0	3.4925
gene-CD630_RS07470		1568072	1569460	5.6393	3.4925	59.2133
gene-CD630_RS07480		1570608	1571762	0.2338	1.116	1162.1099
gene-CD630_RS07510		1575670	1575867	0.2828	8.9702	3.9712
gene-CD630_RS07515		1575972	1576412	0.5057	3.9712	2.7298
gene-CD630_RS07520		1576661	1577104	0.991	2.7298	0.0
gene-CD630_RS07525		1577109	1578173	0.1822	0.0	0.0
gene-CD630_RS07530		1578187	1578615	0.0	0.0	0.0
gene-CD630_RS07535		1578741	1579187	0.5951	0.0	0.0
gene-CD630_RS19715		1579214	1579381	0.0	0.0	N/A
gene-CD630_RS07545		1581834	1582256	0.3026	N/A	0.6477
gene-CD630_RS07550		1582538	1584067	0.532	0.6477	0.0
gene-CD630_RS07555		1584083	1584409	0.0	0.0	N/A
gene-CD630_RS07575		1586578	1587564	0.4174	N/A	1.4286
gene-CD630_RS07580		1587586	1592817	0.9673	1.4286	7.0
gene-CD630_RS07585		1592834	1593187	0.1384	7.0	0.0
gene-CD630_RS07590		1593450	1593710	0.0	0.0	32.9372
gene-CD630_RS07605		1595319	1595528	1.481	31.604	4.8387
gene-CD630_RS07610		1595560	1595769	7.6381	4.8387	20.7824
gene-CD630_RS07620		1596805	1599306	3.496	7.9929	0.0
gene-CD630_RS07625		1599311	1599853	8.2983	0.0	3.8107
gene-CD630_RS07630	glpK	1600097	1601611	9.4891	3.8107	82.646
gene-CD630_RS07665		1607849	1608916	0.4101	4.6442	0.0
gene-CD630_RS07670		1608935	1610095	0.1662	0.0	0.0
gene-CD630_RS07675		1610108	1612204	0.7492	0.0	112.1266
gene-CD630_RS07705		1617309	1617785	4.5472	5.0973	2.49
gene-CD630_RS07710		1617886	1619055	0.6034	2.49	2.6049
gene-CD630_RS07715		1619218	1620081	4.9074	2.6049	4.0429
gene-CD630_RS07730		1621709	1622440	0.2049	0.6456	0.2303
gene-CD630_RS07735		1622771	1624960	5.6589	0.2303	12.8878
gene-CD630_RS07760	ddlR	1630685	1632133	5.3706	1.8415	10.1739
gene-CD630_RS07765		1632157	1633056	4.8233	10.1739	3.2646
gene-CD630_RS07785		1636285	1637715	3.7023	38.4774	1.4227
gene-CD630_RS07790		1638033	1638977	3.3005	1.4227	7.3444
gene-CD630_RS07805		1641002	1641430	0.0	3.1523	1.0933
gene-CD630_RS07815		1642283	1643638	1.4661	39.2222	4.1656
gene-CD630_RS07825	dccA	1648317	1649162	6.7234	7.41	12.2
gene-CD630_RS07835		1652211	1653020	2.2519	2.8467	4.0
gene-CD630_RS07840		1653165	1653404	4.0625	4.0	25.9086
gene-CD630_RS20245		1655396	1655719	8.216	4.0435	7.4416
gene-CD630_RS07855		1655797	1656162	3.2268	7.4416	1.6304
gene-CD630_RS20120		1656393	1656527	1.1407	1.6304	1.2828
gene-CD630_RS07860		1656627	1657412	1.9326	1.2828	3.8646
gene-CD630_RS07865	pdaA	1657509	1658333	0.4097	3.8646	2.3409
gene-CD630_RS07870		1658554	1661673	3.7683	2.3409	6.4706
gene-CD630_RS07875		1661691	1662290	5.6683	6.4706	6.5442
gene-CD630_RS07880		1662517	1664646	1.207	6.5442	14.9372
gene-CD630_RS08030		1691646	1692092	1.5548	4.4398	1.4754
gene-CD630_RS08035		1692377	1693081	0.9234	1.4754	N/A
gene-CD630_RS08040		1693059	1694312	1.5534	N/A	0.0
gene-CD630_RS08045		1694392	1695069	0.8274	0.0	N/A
gene-CD630_RS08065		1702534	1702833	0.82	5.6878	8.7595
gene-CD630_RS08075		1705592	1707364	2.1292	1.774	6.0
gene-CD630_RS08080		1707377	1709200	2.8322	6.0	242.5128
gene-CD630_RS08100		1714276	1714488	1.0188	6.1531	5.0
gene-CD630_RS08105		1714501	1714722	1.464	5.0	0.0
gene-CD630_RS08110	feoB	1714822	1716978	0.6996	0.0	1.64
gene-CD630_RS08115		1717004	1717156	6.1046	1.64	3.2291
gene-CD630_RS08120		1717336	1718046	8.9114	3.2291	10.5952
gene-CD630_RS08140		1720716	1721312	0.0	69.8454	0.0
gene-CD630_RS08145		1721558	1722157	0.41	0.0	0.7633
gene-CD630_RS08150		1722327	1722794	1.0919	0.7633	0.9636
gene-CD630_RS08155		1722905	1723849	1.8635	0.9636	31.3373
gene-CD630_RS08230		1740658	1741026	2.4499	52.4033	9.0
gene-CD630_RS08235		1741030	1741905	4.4178	9.0	N/A
gene-CD630_RS08250		1744509	1745093	6.359	5.3969	N/A
gene-CD630_RS08255		1745246	1746145	5.6	13.9	0.0
gene-CD630_RS08260		1746150	1746719	8.8614	0.0	71.1566
gene-CD630_RS08270		1747923	1748837	0.7934	14.018	3.8303
gene-CD630_RS08280	panC	1750281	1751129	2.5878	11.7273	1.1111
gene-CD630_RS08285	panB	1751148	1751975	3.9408	1.1111	N/A
gene-CD630_RS08300		1757001	1757273	8.5385	18.3396	1.7477
gene-CD630_RS08305		1757492	1758310	5.895	1.7477	3.553
gene-CD630_RS08310	feoB	1758443	1760563	3.728	3.553	0.0
gene-CD630_RS08315		1760589	1760816	0.7719	0.0	316.6748
gene-CD630_RS08320		1761143	1761583	7.4535	316.6748	0.4186
gene-CD630_RS08325		1761756	1762724	3.8596	0.4186	35.4727
gene-CD630_RS08380		1774587	1775261	2.7822	2.7826	0.993
gene-CD630_RS08385		1775549	1776316	2.4102	0.993	N/A
gene-CD630_RS08390		1776303	1778240	1.0795	N/A	6.4688
gene-CD630_RS08450		1793557	1794123	8.6649	48.2014	6.7
gene-CD630_RS08460		1795799	1796743	3.3661	11.1025	2.0
gene-CD630_RS08465	hisG	1796765	1797391	4.1978	2.0	0.0
gene-CD630_RS08470	hisC	1797425	1798474	3.1419	0.0	3.0
gene-CD630_RS08475	hisB	1798477	1799055	3.4162	3.0	0.0
gene-CD630_RS08480	hisH	1799057	1799662	4.2129	0.0	N/A
gene-CD630_RS08490	hisF	1800363	1801121	5.7181	N/A	5.9259
gene-CD630_RS08495	hisIE	1801149	1801817	9.1031	5.9259	23.1773
gene-CD630_RS08505		1804700	1805533	7.3309	8.0199	5.4265
gene-CD630_RS08540		1810931	1811170	2.45	17.1264	0.4881
gene-CD630_RS08545	ilvC	1811423	1812469	1.5807	0.4881	0.0
gene-CD630_RS08550	ilvB	1812522	1814210	1.884	0.0	1.2143
gene-CD630_RS08555		1814421	1815098	0.0	1.2143	1.7572
gene-CD630_RS08560		1815272	1817308	3.8945	1.7572	17.0632
gene-CD630_RS08570		1818353	1818889	5.5903	6.4983	54.6773
gene-CD630_RS08590		1821726	1822940	5.5062	4.6419	6.3448
gene-CD630_RS08600		1824166	1824963	0.0	0.3183	10.8624
gene-CD630_RS08615		1827640	1828479	2.6512	19.6009	6.7248
gene-CD630_RS08620		1828996	1830852	6.7846	6.7248	136.9633
gene-CD630_RS08635	hisD	1833688	1834953	7.0664	46.4903	6.297
gene-CD630_RS08640		1835156	1835908	4.1594	6.297	116.7436
gene-CD630_RS08650		1836770	1837864	5.0895	16.4916	7.0
gene-CD630_RS08655		1837866	1838816	1.8864	7.0	N/A
gene-CD630_RS08660		1838809	1839993	3.0641	N/A	5.5
gene-CD630_RS08665		1840006	1841502	1.4008	5.5	1.9091
gene-CD630_RS08670		1841525	1842475	2.674	1.9091	12.4
gene-CD630_RS08675		1842496	1843458	5.5909	12.4	2.2291
gene-CD630_RS08690	kdpA	1845012	1846688	0.1902	6.7705	0.0
gene-CD630_RS08695	kdpB	1846713	1848770	0.3902	0.0	0.0
gene-CD630_RS08700		1848789	1849415	1.6284	0.0	0.1737
gene-CD630_RS08705	cysK	1849652	1850560	3.473	0.1737	5.2692
gene-CD630_RS08710	epsC	1850587	1851177	4.0761	5.2692	7.2327
gene-CD630_RS08715		1851337	1851525	8.9365	7.2327	35.1887
gene-CD630_RS08725		1852645	1853889	1.6241	3.1378	0.3103
gene-CD630_RS08730		1854180	1854491	1.2788	0.3103	1.9437
gene-CD630_RS08735	thiD	1854776	1855570	3.078	1.9437	0.0
gene-CD630_RS08740	thiM	1855594	1856382	4.3587	0.0	5.8636
gene-CD630_RS08745	thiE	1856405	1857037	3.466	5.8636	23.9348
gene-CD630_RS08760		1858287	1859249	1.1734	N/A	1.0
gene-CD630_RS08765		1859253	1859711	0.3377	1.0	0.138
gene-CD630_RS08770		1860067	1860423	3.4622	0.138	0.0
gene-CD630_RS08775		1860495	1861211	0.9303	0.0	N/A
gene-CD630_RS08780		1861204	1862028	0.7152	N/A	0.0
gene-CD630_RS08785		1862040	1863239	1.8083	0.0	2.875
gene-CD630_RS08790		1863248	1864060	2.6298	2.875	0.0
gene-CD630_RS08795		1864071	1865339	4.0024	0.0	0.9699
gene-CD630_RS08805		1867028	1867945	5.2211	24.1348	1.127
gene-CD630_RS08820		1871735	1873279	3.2039	11.3363	5.5029
gene-CD630_RS08840		1875530	1876780	5.3909	18.6244	7.849
gene-CD630_RS08870		1884003	1885103	0.0	9.4962	N/A
gene-CD630_RS08875		1885100	1885906	0.2255	N/A	0.0
gene-CD630_RS08880	vanT	1885924	1888062	0.496	0.0	0.0383
gene-CD630_RS08890		1889162	1889698	3.7709	8.7212	1.1964
gene-CD630_RS08895		1889811	1890515	0.0	1.1964	0.6977
gene-CD630_RS08900	asnB	1890688	1892562	3.7195	0.6977	15.7473
gene-CD630_RS08975		1909546	1910499	0.0	5.4215	N/A
gene-CD630_RS08985		1911442	1912197	0.0	N/A	0.0
gene-CD630_RS08990		1912289	1913254	0.1242	0.0	1.8565
gene-CD630_RS08995		1913736	1915595	5.1581	1.8565	24.5155
gene-CD630_RS09010		1917696	1918682	8.5552	9.5663	40.0559
gene-CD630_RS09025		1921421	1921936	1.0891	56.9198	6.5143
gene-CD630_RS20250	gcvPA	1922742	1925216	5.0194	6.5143	N/A
gene-CD630_RS09035	gcvPB	1925216	1926673	6.4019	N/A	1.6801
gene-CD630_RS09040		1927096	1929453	5.7163	1.6801	36.1176
gene-CD630_RS09060		1932169	1932924	5.1693	24.9429	8.385
gene-CD630_RS09085		1939729	1941573	1.7913	7.3231	10.1941
gene-CD630_RS09095		1944262	1945284	1.2639	229.4913	0.0
gene-CD630_RS09100		1945298	1946185	1.5788	0.0	1.0
gene-CD630_RS09105		1946191	1946964	1.1085	1.0	0.0
gene-CD630_RS09110		1947076	1947801	1.9862	0.0	3.0
gene-CD630_RS09115		1947805	1949208	2.2272	3.0	0.0
gene-CD630_RS09120		1949219	1950043	4.7261	0.0	17.3642
gene-CD630_RS09135	pcp	1951706	1952347	5.2757	53.9832	1.0
gene-CD630_RS09140		1952368	1953300	1.0461	1.0	0.7143
gene-CD630_RS09145		1953322	1953987	0.4279	0.7143	3.0334
gene-CD630_RS09240	ribE	1969506	1969967	2.5844	73.0966	1.8173
gene-CD630_RS09245		1970072	1971265	2.6131	1.8173	5.0
gene-CD630_RS09250		1971288	1971953	4.2598	5.0	3.7273
gene-CD630_RS09255	ribD	1971987	1973099	2.2552	3.7273	1.8594
gene-CD630_RS09260	recQ	1973541	1976024	4.3474	1.8594	70.9619
gene-CD630_RS09265	thiC	1976366	1977667	2.5476	70.9619	3.9057
gene-CD630_RS09270	thiS	1977721	1977915	1.8564	3.9057	N/A
gene-CD630_RS09275	thiF	1977908	1978711	1.9913	N/A	0.0
gene-CD630_RS09280		1978774	1979544	0.8184	0.0	0.0
gene-CD630_RS09285	thiH	1979561	1980664	0.1649	0.0	N/A
gene-CD630_RS09290		1980665	1981354	0.7	N/A	1.1497
gene-CD630_RS09295		1981542	1982936	0.8251	1.1497	11.6919
gene-CD630_RS09380		1998227	1998493	4.8652	4.4377	5.2195
gene-CD630_RS09385		1998535	1999344	1.437	5.2195	0.5994
gene-CD630_RS09390		1999657	1999938	1.5106	0.5994	1.4601
gene-CD630_RS09395		2000202	2000456	7.9569	1.4601	2.0
gene-CD630_RS09410		2001951	2003570	6.9562	13.6595	3.5682
gene-CD630_RS20365		2003879	2004085	0.0	3.5682	1.5052
gene-CD630_RS09430		2005891	2007042	7.5521	26.7078	6.6923
gene-CD630_RS09435		2007160	2007798	9.1346	6.6923	N/A
gene-CD630_RS09450		2009558	2010244	5.9665	20.2698	6.2308
gene-CD630_RS09455		2010258	2010803	3.7179	6.2308	1.7004
gene-CD630_RS09460		2011031	2012278	5.1955	1.7004	2.9535
gene-CD630_RS09465		2012365	2014359	8.2546	2.9535	N/A
gene-CD630_RS09470		2014359	2015681	7.5314	N/A	3.3813
gene-CD630_RS09475	grdG	2015960	2017246	0.4631	3.3813	5.2235
gene-CD630_RS09480	grdF	2017332	2018639	0.8861	5.2235	1.556
gene-CD630_RS09485		2018917	2019648	3.041	1.556	3.0
gene-CD630_RS09490		2019650	2021008	3.5843	3.0	0.9551
gene-CD630_RS09495		2021098	2021532	8.7287	0.9551	6.1374
gene-CD630_RS09500		2021795	2022031	1.4599	6.1374	14.7419
gene-CD630_RS09510		2022508	2023761	0.6356	1.2396	0.5869
gene-CD630_RS09515	add	2024021	2025010	5.7636	0.5869	6.1831
gene-CD630_RS09520		2025082	2025822	9.1633	6.1831	21.5628
gene-CD630_RS09545		2031301	2031891	3.9188	5.8507	8.8584
gene-CD630_RS09550		2032005	2032850	1.3972	8.8584	N/A
gene-CD630_RS09560		2033527	2034243	1.9721	N/A	5.4896
gene-CD630_RS09585		2036847	2037677	2.0542	39.4017	6.5878
gene-CD630_RS09590		2038088	2038222	5.1111	6.5878	9.0595
gene-CD630_RS09595		2038727	2039488	2.8058	9.0595	6.7344
gene-CD630_RS09600		2039553	2040335	6.3742	6.7344	34.4135
gene-CD630_RS09610		2041124	2041390	9.7678	153.6863	5.5592
gene-CD630_RS09625		2043317	2043781	0.9376	11.5882	3.7406
gene-CD630_RS09660		2054056	2055363	7.685	9.844	71.37
gene-CD630_RS09720		2067107	2068306	9.7017	111.2719	6.7683
gene-CD630_RS09725		2068553	2069599	0.9398	6.7683	0.9065
gene-CD630_RS09730		2069707	2070870	0.9141	0.9065	2.8409
gene-CD630_RS09735		2070959	2071339	0.0892	2.8409	0.0
gene-CD630_RS09740		2071342	2072001	0.0	0.0	6.419
gene-CD630_RS09765		2075878	2076123	1.6138	151.2052	2.4694
gene-CD630_RS09770		2076222	2076485	1.7197	2.4694	9.0836
gene-CD630_RS09775		2076761	2077708	7.8165	9.0836	13.0
gene-CD630_RS09780		2077711	2079342	4.0846	13.0	0.7364
gene-CD630_RS09805		2083078	2083968	1.037	2.6216	1.3871
gene-CD630_RS09810		2084186	2085940	4.7043	1.3871	0.1593
gene-CD630_RS20370		2087551	2087628	3.0897	10.3042	0.0
gene-CD630_RS09825		2087647	2089128	1.0209	0.0	6.32
gene-CD630_RS09830		2089154	2090125	4.7274	6.32	19.9167
gene-CD630_RS09840		2091249	2092460	4.7632	3.7464	10.5672
gene-CD630_RS09860		2094825	2095484	6.5121	19.7302	1.5222
gene-CD630_RS09870		2096270	2096683	6.0097	7.0533	11.8955
gene-CD630_RS09900		2101243	2102397	6.9195	26.8975	6.5344
gene-CD630_RS09905		2102703	2102882	5.7444	6.5344	101.4558
gene-CD630_RS09915	ade	2104770	2106284	8.7993	26.9187	7.6809
gene-CD630_RS09955		2116049	2118751	8.6226	32.4237	5.2121
gene-CD630_RS09970	aroF	2121258	2122271	4.0493	44.5116	5.2381
gene-CD630_RS09975	aroB	2122293	2123357	5.9446	5.2381	N/A
gene-CD630_RS09985	aroC	2124648	2125727	5.1046	N/A	2.0
gene-CD630_RS09990	pheA	2125730	2126926	6.4653	2.0	11.5217
gene-CD630_RS09995	aroE	2126973	2127782	2.8704	11.5217	6.1818
gene-CD630_RS10000		2127794	2128327	7.0449	6.1818	4.85
gene-CD630_RS10005		2128348	2129187	6.8821	4.85	8.3858
gene-CD630_RS10030		2136229	2137770	2.1543	0.2047	8.4444
gene-CD630_RS10035		2137789	2138070	6.2837	8.4444	10.4
gene-CD630_RS10045		2138730	2139740	2.2473	25.89	4.0
gene-CD630_RS10050		2139742	2140227	1.144	4.0	N/A
gene-CD630_RS10055		2140224	2142005	3.6717	N/A	3.5951
gene-CD630_RS10065		2143244	2143555	1.1859	10.2163	5.0
gene-CD630_RS10070		2143559	2143774	0.4444	5.0	1.5789
gene-CD630_RS10075		2143794	2144657	2.1736	1.5789	4.5294
gene-CD630_RS10080		2144675	2144935	1.7126	4.5294	3.3333
gene-CD630_RS10085		2144939	2145328	4.2308	3.3333	N/A
gene-CD630_RS10090		2145240	2147669	0.6733	N/A	0.0
gene-CD630_RS10095		2147674	2149836	1.0453	0.0	1.0
gene-CD630_RS10100		2149848	2150081	2.3376	1.0	N/A
gene-CD630_RS10105		2150062	2151642	2.5617	N/A	0.2526
gene-CD630_RS10110		2151738	2153444	0.0633	0.2526	13.1446
gene-CD630_RS10120		2153747	2154793	8.0583	19.6667	4.7636
gene-CD630_RS10130		2155823	2164804	0.7613	8.7232	0.0
gene-CD630_RS10135		2164847	2165506	0.2242	0.0	11.3741
gene-CD630_RS10170	mobC	2171423	2171773	3.7151	1.0	11.5511
gene-CD630_RS10180		2173421	2174311	6.5028	N/A	2.0
gene-CD630_RS10185		2174330	2175607	4.0196	2.0	6.0
gene-CD630_RS10190		2175617	2176273	8.1202	6.0	N/A
gene-CD630_RS10220		2181392	2185930	7.1254	17.55	1.1645
gene-CD630_RS10225		2186387	2186734	4.1494	1.1645	8.5034
gene-CD630_RS10230		2186884	2187363	3.6625	8.5034	0.2128
gene-CD630_RS10235		2187411	2188916	1.1892	0.2128	31.191
gene-CD630_RS10245		2190355	2190636	0.2305	2.612	1.3356
gene-CD630_RS10250		2190783	2191631	2.4947	1.3356	0.2745
gene-CD630_RS10255		2191683	2192204	3.1169	0.2745	1.5707
gene-CD630_RS10260		2192573	2193088	0.4128	1.5707	N/A
gene-CD630_RS10265		2193085	2193846	1.2493	N/A	0.0
gene-CD630_RS10270		2193884	2194750	1.1153	0.0	8.0
gene-CD630_RS10275		2194771	2196012	1.649	8.0	1.6547
gene-CD630_RS10280		2196236	2196808	6.3962	1.6547	0.439
gene-CD630_RS10285		2197194	2197928	9.4204	0.439	50.1408
gene-CD630_RS10295		2198911	2199294	2.8021	2.1667	25.5897
gene-CD630_RS10320		2202068	2202505	0.6027	11.2246	3.1545
gene-CD630_RS20130		2202739	2202873	5.0963	3.1545	2.6556
gene-CD630_RS10325		2203327	2203836	0.7275	2.6556	0.0
gene-CD630_RS19995		2203863	2204009	1.9524	0.0	14.1861
gene-CD630_RS10335		2205211	2206011	0.3321	7.5081	0.0
gene-CD630_RS10340		2206206	2207804	0.0819	0.0	0.0
gene-CD630_RS19760		2208132	2208308	0.0	0.0	0.0
gene-CD630_RS10345		2208482	2209612	1.3996	0.0	5.6708
gene-CD630_RS10380	eutC	2215743	2216624	5.0	11.0	2.8421
gene-CD630_RS10385	eutL	2216644	2217297	5.1988	2.8421	5.0
gene-CD630_RS20135		2217308	2218009	5.6496	5.0	4.0
gene-CD630_RS10395		2218012	2219481	6.8211	4.0	10.4353
gene-CD630_RS10405		2219981	2220742	4.1207	9.1111	11.6667
gene-CD630_RS10410	eutD	2220755	2221384	7.1937	11.6667	5.5122
gene-CD630_RS10415		2221426	2222151	5.949	5.5122	11.0
gene-CD630_RS10425		2222429	2222980	4.7917	N/A	7.0909
gene-CD630_RS10430	eutH	2222992	2224083	3.7802	7.0909	1.0
gene-CD630_RS10435		2224085	2224558	6.8544	1.0	10.3193
gene-CD630_RS10440		2224678	2225145	0.0	10.3193	0.0
gene-CD630_RS10445		2225221	2225826	0.0941	0.0	0.2012
gene-CD630_RS10450		2225996	2227354	0.1582	0.2012	N/A
gene-CD630_RS10540		2241418	2241879	4.4004	21.9	6.1622
gene-CD630_RS10545		2241917	2242750	6.1163	6.1622	1.37
gene-CD630_RS10550		2243024	2243710	1.0422	1.37	0.0
gene-CD630_RS10555		2243725	2246202	0.5089	0.0	0.3761
gene-CD630_RS10560		2246421	2247824	1.8732	0.3761	3.7424
gene-CD630_RS10570		2249417	2249974	5.7312	6.7857	0.4127
gene-CD630_RS10575		2250164	2251051	2.3581	0.4127	19.7119
gene-CD630_RS10590		2255115	2255801	1.7555	N/A	0.1053
gene-CD630_RS10595		2255878	2256786	6.0132	0.1053	2.0
gene-CD630_RS10600		2256788	2257459	1.808	2.0	2.5211
gene-CD630_RS10615		2259619	2260650	4.4196	N/A	1.4321
gene-CD630_RS10620		2260732	2261397	3.8333	1.4321	17.8333
gene-CD630_RS10625		2261410	2263827	2.0662	17.8333	6.9778
gene-CD630_RS10640		2265596	2266987	2.199	13.0	0.6931
gene-CD630_RS10645		2267177	2268475	0.8876	0.6931	4.5503
gene-CD630_RS10650		2268834	2269709	8.024	4.5503	30.75
gene-CD630_RS10725		2286355	2286711	0.7787	31.886	0.0
gene-CD630_RS10730		2287041	2287879	1.4362	0.0	3.1478
gene-CD630_RS10735		2288110	2288721	6.183	3.1478	6.0539
gene-CD630_RS10745	miaB	2289764	2291200	6.4412	25.7094	1.9231
gene-CD630_RS10750		2291448	2292884	1.737	1.9231	1.2152
gene-CD630_RS10755		2293712	2294263	3.9855	1.2152	60.1955
gene-CD630_RS10760		2295113	2295511	5.2907	60.1955	3.6113
gene-CD630_RS10765		2295867	2296352	7.5885	3.6113	0.5822
gene-CD630_RS20005		2297083	2297265	0.0	0.5822	11.9204
gene-CD630_RS10785		2298996	2299178	0.0	24.804	1.3143
gene-CD630_RS10790		2299249	2300094	8.2648	1.3143	81.4798
gene-CD630_RS10800		2301599	2302240	3.4065	5.4609	N/A
gene-CD630_RS10805		2302221	2302514	7.1259	N/A	5.09
gene-CD630_RS10820		2304293	2305948	7.2107	2.1207	27.6093
gene-CD630_RS10835		2309362	2309568	3.8551	12.7009	0.0
gene-CD630_RS10840		2309721	2310149	0.0	0.0	0.0
gene-CD630_RS10845		2310625	2311563	0.0937	0.0	0.5595
gene-CD630_RS20010		2311732	2312124	0.2087	0.5595	0.0
gene-CD630_RS10855		2312450	2312809	0.0	0.0	0.0
gene-CD630_RS20015		2312811	2313005	0.0	0.0	0.0
gene-CD630_RS10865		2313220	2314542	0.8095	0.0	48.0114
gene-CD630_RS10875		2315421	2315832	1.3204	3.7647	N/A
gene-CD630_RS10880		2315831	2316250	3.7786	N/A	2.5849
gene-CD630_RS10885		2316304	2316417	1.7281	2.5849	0.0
gene-CD630_RS10890		2316537	2316797	0.6322	0.0	0.6036
gene-CD630_RS10895	erm(B)	2316967	2317704	0.1111	0.6036	0.0
gene-CD630_RS10900		2317715	2317846	0.0	0.0	0.0
gene-CD630_RS10905		2317945	2318841	0.0	0.0	0.0
gene-CD630_RS10910		2318944	2319204	0.6322	0.0	0.6213
gene-CD630_RS10915	erm(B)	2319374	2320114	0.9528	0.6213	3.2149
gene-CD630_RS10920		2320236	2320331	0.4167	3.2149	11.0208
gene-CD630_RS20270		2320380	2320505	0.1984	11.0208	0.0
gene-CD630_RS10930		2320508	2321133	0.0	0.0	22.322
gene-CD630_RS10940		2322531	2323160	9.854	20.08	2.4461
gene-CD630_RS10945	ilvD	2323504	2325159	0.8376	2.4461	0.0
gene-CD630_RS10950		2325483	2325782	0.0733	0.0	0.583
gene-CD630_RS10955		2326042	2326722	0.862	0.583	3.7615
gene-CD630_RS10960		2326832	2327089	0.9651	3.7615	5.1277
gene-CD630_RS10970		2328810	2329706	2.2363	11.9638	0.8582
gene-CD630_RS10975		2329848	2331275	4.6681	0.8582	24.5
gene-CD630_RS10985		2334037	2334633	5.5913	6.0278	2.0
gene-CD630_RS10990		2334650	2335054	5.2568	2.0	3.6366
gene-CD630_RS10995		2335421	2335795	8.8613	3.6366	N/A
gene-CD630_RS11005		2336655	2337293	7.9703	N/A	2.0387
gene-CD630_RS11010		2337785	2338198	5.7947	2.0387	9.0263
gene-CD630_RS11030	argF	2341430	2342452	0.0	44.9048	0.0
gene-CD630_RS11035		2342561	2343748	0.1035	0.0	0.0
gene-CD630_RS11040	argB	2343778	2344638	1.5528	0.0	0.0
gene-CD630_RS11045	argJ	2344653	2345870	0.5296	0.0	0.0
gene-CD630_RS11050	argC	2345911	2346945	0.4647	0.0	22.9831
gene-CD630_RS11055	ytvI	2347715	2348806	0.0	22.9831	0.0
gene-CD630_RS11060		2348821	2350212	0.0	0.0	0.0
gene-CD630_RS11065		2350231	2350770	0.0	0.0	0.0
gene-CD630_RS11070		2350791	2352116	0.3703	0.0	N/A
gene-CD630_RS11075		2352113	2352736	0.0	N/A	3.5934
gene-CD630_RS11080		2352828	2353637	6.6444	3.5934	15.4688
gene-CD630_RS20020		2354570	2354689	3.4167	4.8162	11.7419
gene-CD630_RS11095		2354783	2355340	9.5287	11.7419	3.0506
gene-CD630_RS11100		2355598	2356296	2.3247	3.0506	0.0401
gene-CD630_RS11105		2357319	2357786	4.344	0.0401	12.2
gene-CD630_RS11115		2358453	2358626	2.4425	6.5568	20.7179
gene-CD630_RS11125		2359514	2360194	0.3921	2.0561	14.0819
gene-CD630_RS11180		2372860	2373573	8.2493	17.1582	2.6426
gene-CD630_RS11260		2391212	2392006	2.1019	N/A	1.1604
gene-CD630_RS11265		2392113	2393471	0.6512	1.1604	5.8104
gene-CD630_RS11275		2396138	2397223	1.3738	4.617	2.8
gene-CD630_RS11280		2397259	2398572	0.863	2.8	N/A
gene-CD630_RS11290		2400854	2401648	1.8025	N/A	0.0
gene-CD630_RS11295		2401687	2402133	0.5772	0.0	0.0
gene-CD630_RS11300		2402205	2403611	0.5977	0.0	0.0
gene-CD630_RS11305	hydA	2403629	2404999	0.6696	0.0	1.0
gene-CD630_RS11310		2405132	2406319	1.6027	1.0	2.9524
gene-CD630_RS11315	dpaL	2406446	2407660	1.0519	2.9524	1.4309
gene-CD630_RS11320		2408023	2408694	1.006	1.4309	0.0
gene-CD630_RS11325		2408777	2410993	1.2679	0.0	3.0
gene-CD630_RS11330		2410996	2411466	0.6369	3.0	0.0
gene-CD630_RS11335		2411528	2412922	0.524	0.0	0.0
gene-CD630_RS11340		2412995	2414356	0.511	0.0	0.0
gene-CD630_RS11345		2414653	2415975	0.9101	0.0	13.569
gene-CD630_RS11360		2418959	2420893	7.8253	N/A	6.1786
gene-CD630_RS11365		2420922	2421644	6.9668	6.1786	7.3673
gene-CD630_RS11370		2421694	2422680	3.7264	7.3673	0.5
gene-CD630_RS11375		2422737	2423237	1.4271	0.5	18.7754
gene-CD630_RS11405		2429283	2429444	0.2469	6.1676	3.25
gene-CD630_RS11410		2429593	2430675	5.5633	3.25	0.1961
gene-CD630_RS11415		2430778	2432373	0.7757	0.1961	0.0
gene-CD630_RS11420		2432420	2433127	0.709	0.0	1.5119
gene-CD630_RS11425		2433380	2434525	8.7199	1.5119	120.3805
gene-CD630_RS11445	fsa	2439401	2440075	8.9215	11.3058	1.6813
gene-CD630_RS11450		2440349	2441113	6.4915	1.6813	10.6076
gene-CD630_RS11470		2444113	2446614	5.3106	9.1258	7.5583
gene-CD630_RS11480		2447237	2447479	0.0	3.1973	7.2085
gene-CD630_RS11535		2461390	2461614	3.56	12.1154	3.8571
gene-CD630_RS11540		2461811	2462935	5.176	3.8571	43.1882
gene-CD630_RS11575		2469362	2471173	3.7953	32.9767	9.8736
gene-CD630_RS11615		2477040	2478224	1.3257	416.4175	2.7087
gene-CD630_RS11620		2478328	2479386	0.1284	2.7087	0.0
gene-CD630_RS11625		2479600	2480244	0.0	0.0	0.0
gene-CD630_RS11630	ytaF	2480432	2481055	1.3478	0.0	24.6935
gene-CD630_RS11655		2487626	2488255	0.0	13.0924	0.0
gene-CD630_RS19790		2488448	2488609	0.0	0.0	7.7982
gene-CD630_RS11700		2498152	2498937	1.8308	7.3093	1.4123
gene-CD630_RS11705		2499052	2500011	1.3292	1.4123	17.8854
gene-CD630_RS11725		2502607	2502795	0.3598	4.3282	0.0599
gene-CD630_RS11745		2506575	2507480	1.0276	4.5366	0.8135
gene-CD630_RS11750	hcp	2507851	2509443	2.3063	0.8135	0.0
gene-CD630_RS11755		2509503	2510228	1.2893	0.0	0.9085
gene-CD630_RS11770		2513123	2513872	6.1213	4.6695	1.1111
gene-CD630_RS11775		2513981	2515156	5.0	1.1111	20.8258
gene-CD630_RS11790		2517044	2517712	7.1614	7.4	N/A
gene-CD630_RS11800		2518916	2519338	5.6501	9.6806	10.6923
gene-CD630_RS11805		2519352	2521529	2.7934	10.6923	0.3464
gene-CD630_RS11820		2526194	2526427	7.3248	27.4839	2.8082
gene-CD630_RS11825		2526501	2527994	3.8447	2.8082	1.5596
gene-CD630_RS11830		2528322	2528864	2.2413	1.5596	2.6851
gene-CD630_RS11835		2529154	2530101	1.6804	2.6851	0.0
gene-CD630_RS11840		2530129	2530620	0.565	0.0	0.5136
gene-CD630_RS11855	pgmB	2534464	2535144	9.3407	N/A	1.9327
gene-CD630_RS11860		2535368	2537251	6.9952	1.9327	6.5525
gene-CD630_RS11865		2537509	2538330	3.9757	6.5525	25.3211
gene-CD630_RS11880		2541034	2542245	7.467	0.7363	49.8791
gene-CD630_RS11890		2543119	2545218	0.7052	173.1579	2.9756
gene-CD630_RS11895		2545342	2545881	0.3037	2.9756	0.0
gene-CD630_RS11900		2545884	2546624	0.0	0.0	0.0
gene-CD630_RS11905	vorB	2546626	2547675	0.4038	0.0	0.0
gene-CD630_RS11910		2547692	2547910	0.8995	0.0	0.0
gene-CD630_RS11915	hisC	2547943	2549046	0.0	0.0	0.0
gene-CD630_RS11920		2549149	2550579	0.1461	0.0	0.0
gene-CD630_RS11925		2551237	2552601	9.104	0.0	21.0435
gene-CD630_RS11945		2555601	2556965	3.9758	13.8913	8.8103
gene-CD630_RS11970		2562402	2564648	8.4206	N/A	6.0
gene-CD630_RS11975		2564716	2565177	9.5866	6.0	16.148
gene-CD630_RS11985		2566735	2567073	0.1209	0.0714	0.0
gene-CD630_RS11990		2567095	2567412	0.0	0.0	5.5436
gene-CD630_RS12000	aroD	2568567	2569334	9.0091	22.9786	2.8912
gene-CD630_RS12005		2570006	2570863	0.0	2.8912	0.0
gene-CD630_RS12010		2570913	2571581	0.0	0.0	3.9286
gene-CD630_RS12025		2573007	2573933	0.7206	25.3112	5.3588
gene-CD630_RS20380		2574274	2574357	8.1905	5.3588	6.1353
gene-CD630_RS12035		2574772	2575125	0.6667	6.1353	0.0
gene-CD630_RS12040		2575127	2575357	0.0	0.0	0.0
gene-CD630_RS12045		2575747	2575950	0.0	0.0	2.5325
gene-CD630_RS12050		2576028	2576378	5.5157	2.5325	7.6351
gene-CD630_RS12055		2576453	2577085	5.4487	7.6351	22.5514
gene-CD630_RS12070		2579494	2581512	0.1803	27.5234	0.7481
gene-CD630_RS12075		2581783	2582559	0.4672	0.7481	0.0
gene-CD630_RS12080	asrC	2582616	2583587	0.4835	0.0	0.0
gene-CD630_RS12085	asrB	2583600	2584391	1.0455	0.0	N/A
gene-CD630_RS12090	asrA	2584392	2585399	0.1736	N/A	6.0615
gene-CD630_RS12105		2587409	2588296	7.8851	16.6111	0.2456
gene-CD630_RS12110		2588354	2589157	2.3831	0.2456	3.7799
gene-CD630_RS12115		2589317	2589769	2.9691	3.7799	1.3643
gene-CD630_RS12120		2589899	2591401	2.815	1.3643	1.9375
gene-CD630_RS12125		2591434	2592315	1.2823	1.9375	1.8841
gene-CD630_RS12130		2592385	2593056	0.7723	1.8841	2.4522
gene-CD630_RS12135		2593329	2593820	7.498	2.4522	4.619
gene-CD630_RS12140		2593842	2595206	2.6308	4.619	1.067
gene-CD630_RS12145		2595625	2596800	3.1369	1.067	75.5988
gene-CD630_RS12155		2598849	2599043	1.6256	19.4623	0.386
gene-CD630_RS12160	cspC	2599316	2600989	1.2688	0.386	4.0
gene-CD630_RS12165	cspBA	2600999	2604397	0.6314	4.0	12.6766
gene-CD630_RS12180		2607124	2608161	7.4711	3.0423	107.08
gene-CD630_RS12195		2610431	2611813	2.9899	2.7357	11.6875
gene-CD630_RS12210		2614623	2615672	2.2419	5.8686	141.0417
gene-CD630_RS12250		2625550	2626107	2.8638	5.9328	0.8148
gene-CD630_RS12255		2626135	2627661	2.7407	0.8148	6.591
gene-CD630_RS20385		2628041	2629047	2.5263	6.591	0.2495
gene-CD630_RS12265		2629541	2631460	0.4839	0.2495	0.0
gene-CD630_RS12270	pfkB	2631497	2632414	1.2876	0.0	11.7711
gene-CD630_RS12285	ytvI	2635385	2636446	8.6544	3.6703	13.3268
gene-CD630_RS12290		2636600	2637853	9.6722	13.3268	5.0291
gene-CD630_RS12300		2640783	2642150	2.394	178.3631	2.2558
gene-CD630_RS12305		2642323	2642970	0.0633	2.2558	0.0
gene-CD630_RS12310	araD	2642988	2643674	0.0684	0.0	0.0
gene-CD630_RS12315		2643773	2644831	0.0387	0.0	0.2391
gene-CD630_RS12320		2645175	2646581	0.8813	0.2391	0.8444
gene-CD630_RS12325		2646762	2647064	0.9901	0.8444	0.0
gene-CD630_RS12330		2647187	2647633	0.0	0.0	0.0
gene-CD630_RS12335		2647666	2650569	0.147	0.0	0.7296
gene-CD630_RS12340		2651047	2651469	2.078	0.7296	4.0764
gene-CD630_RS12365		2657057	2657749	6.2511	6.3026	0.9673
gene-CD630_RS12370		2658361	2658735	0.832	0.9673	1.0092
gene-CD630_RS12375		2658954	2659187	3.7991	1.0092	N/A
gene-CD630_RS12380		2659171	2659584	2.3575	N/A	5.0
gene-CD630_RS12385		2659603	2659899	2.5589	5.0	0.2482
gene-CD630_RS12390		2660182	2660499	3.4371	0.2482	6.6815
gene-CD630_RS19795		2661427	2661588	0.9753	15.948	1.2941
gene-CD630_RS20040		2661640	2662035	2.1162	1.2941	3.1538
gene-CD630_RS20045		2662088	2662453	1.8907	3.1538	3.3193
gene-CD630_RS19800	srl	2662573	2662761	4.2857	3.3193	8.5466
gene-CD630_RS12405		2664134	2664982	0.0	8.5466	24.8545
gene-CD630_RS12410		2665677	2666000	4.6265	13.5018	7.0286
gene-CD630_RS12415		2666036	2666290	4.5804	7.0286	0.7793
gene-CD630_RS12420		2666726	2667244	4.6724	0.7793	0.3287
gene-CD630_RS20390		2667534	2667909	0.0	0.3287	0.0
gene-CD630_RS12430		2668014	2668391	0.0	0.0	2.655
gene-CD630_RS20395		2670050	2670248	1.5628	13.1917	0.6991
gene-CD630_RS12445		2670681	2670914	0.0	0.6991	2.3602
gene-CD630_RS12470		2674009	2674800	6.3119	14.0	0.0
gene-CD630_RS12475		2674802	2675497	2.375	0.0	N/A
gene-CD630_RS12480		2675484	2676215	6.3962	N/A	4.2045
gene-CD630_RS12485		2676529	2677329	0.3808	4.2045	0.564
gene-CD630_RS12490		2677869	2678585	1.5049	0.564	N/A
gene-CD630_RS12530		2686241	2687293	1.3219	N/A	0.1705
gene-CD630_RS12535		2687423	2688697	0.3153	0.1705	0.0
gene-CD630_RS12540		2688756	2689031	2.0833	0.0	0.0
gene-CD630_RS12545		2689092	2689550	0.0	0.0	3.085
gene-CD630_RS12565		2694891	2696042	2.2248	0.8483	0.0
gene-CD630_RS12570		2696061	2696483	4.1466	0.0	1.6552
gene-CD630_RS12575		2696513	2698651	2.0631	1.6552	3.68
gene-CD630_RS12580		2698677	2700101	1.8211	3.68	2.4521
gene-CD630_RS12645		2715912	2716991	6.1306	6.375	78.0831
gene-CD630_RS12690		2726106	2727800	6.7298	69.011	6.2398
gene-CD630_RS12755		2736667	2737968	2.5376	N/A	0.0
gene-CD630_RS12760	nadA	2737981	2738895	3.6568	0.0	1.9832
gene-CD630_RS12765		2739313	2740770	8.1139	1.9832	10.5586
gene-CD630_RS12770		2740993	2741421	1.662	10.5586	6.5254
gene-CD630_RS12775		2741481	2741789	3.712	6.5254	28.1164
gene-CD630_RS12820		2751695	2753524	6.8104	7.7143	13.4578
gene-CD630_RS12830		2755580	2755999	4.05	8.8846	1.8846
gene-CD630_RS12835		2756312	2756494	2.8251	1.8846	7.5457
gene-CD630_RS12860		2760713	2761192	0.8042	2.8477	17.3912
gene-CD630_RS12880		2764354	2765022	0.4948	6.7848	24.7913
gene-CD630_RS12900		2768517	2768726	1.0286	1.7239	N/A
gene-CD630_RS12905		2768726	2768992	1.809	N/A	0.0
gene-CD630_RS12910		2769021	2769593	1.7906	0.0	13.0427
gene-CD630_RS12925		2771822	2774050	6.2867	3.1964	33.4727
gene-CD630_RS12970		2785950	2787242	0.6156	34.0644	0.0
gene-CD630_RS12975		2787279	2787635	1.1821	0.0	0.0
gene-CD630_RS12980		2787670	2788029	0.0	0.0	0.0
gene-CD630_RS12985		2788098	2790071	0.5127	0.0	0.0
gene-CD630_RS12990		2790293	2791306	0.4418	0.0	0.0
gene-CD630_RS12995		2791319	2791864	0.0	0.0	1.0267
gene-CD630_RS13000		2792240	2793109	1.6011	1.0267	0.0
gene-CD630_RS13005		2793261	2794376	0.4776	0.0	0.2043
gene-CD630_RS13010		2794612	2795748	1.8496	0.2043	0.0
gene-CD630_RS13015		2795804	2797267	0.8969	0.0	0.0
gene-CD630_RS13020		2797912	2799171	0.6016	0.0	0.0
gene-CD630_RS13025		2799195	2800403	0.6923	0.0	0.0
gene-CD630_RS13030		2800433	2801326	0.0	0.0	0.0
gene-CD630_RS13035	buk	2801344	2802402	0.0	0.0	0.0
gene-CD630_RS13040		2802559	2803098	0.3037	0.0	0.0
gene-CD630_RS13045		2803111	2803830	0.8583	0.0	0.0
gene-CD630_RS13050	vorB	2803833	2804909	0.0	0.0	0.0
gene-CD630_RS13055		2804938	2805135	0.0	0.0	16.1348
gene-CD630_RS13065		2806465	2808012	0.2009	5.1398	79.7818
gene-CD630_RS13125	yqfD	2818006	2819349	9.465	N/A	0.0
gene-CD630_RS13130		2819362	2819598	0.0	0.0	46.3255
gene-CD630_RS13180	cas5	2828283	2829080	8.6855	15.0	1.0
gene-CD630_RS13200		2832450	2832626	0.5311	4.88	1.655
gene-CD630_RS13245	hemW	2843565	2844740	4.4728	30.9706	4.3392
gene-CD630_RS13250		2844912	2846225	1.8912	4.3392	1.306
gene-CD630_RS13255		2846458	2847795	3.8079	1.306	50.9257
gene-CD630_RS13265		2850031	2850282	0.0	14.7082	0.0
gene-CD630_RS13270	spoIIP	2850313	2851332	0.0	0.0	0.0
gene-CD630_RS13275	gpr	2851350	2852303	0.0	0.0	1.2222
gene-CD630_RS13280		2852646	2853422	3.3578	1.2222	0.0
gene-CD630_RS13285		2853456	2853977	3.0038	0.0	370.4582
gene-CD630_RS13315		2859728	2860564	1.9474	9.5401	9.539
gene-CD630_RS13320		2860706	2861413	8.2556	9.539	41.5143
gene-CD630_RS13345		2864141	2865199	5.6327	9.6061	5.7684
gene-CD630_RS13350		2865390	2866568	0.7057	5.7684	0.1887
gene-CD630_RS13355		2866622	2867686	0.5155	0.1887	13.2885
gene-CD630_RS13360		2867791	2869053	3.8488	13.2885	1.9167
gene-CD630_RS13365		2869078	2869395	2.2516	1.9167	3.0517
gene-CD630_RS13370		2869454	2869909	1.2039	3.0517	0.0
gene-CD630_RS13375		2869924	2871813	0.5847	0.0	0.0
gene-CD630_RS13380		2871901	2873262	0.7401	0.0	3.8198
gene-CD630_RS13410		2881906	2882610	0.0	51.2967	8.1646
gene-CD630_RS13420		2884106	2884444	1.177	41.8413	2.5927
gene-CD630_RS13425	argH	2884693	2886009	6.6393	2.5927	35.891
gene-CD630_RS13440		2888728	2891367	1.228	102.9123	9.4074
gene-CD630_RS13445		2891692	2892339	5.2022	9.4074	2.8525
gene-CD630_RS13470		2896691	2898043	1.5033	7.2077	2.5417
gene-CD630_RS13475		2898140	2899690	1.3611	2.5417	0.0
gene-CD630_RS13480		2899741	2900556	0.0	0.0	0.0
gene-CD630_RS13485		2900577	2901059	1.2816	0.0	489.9117
gene-CD630_RS13520		2910276	2911394	9.4701	5.0986	23.962
gene-CD630_RS13575		2922963	2923781	5.1319	15.974	0.8485
gene-CD630_RS13580		2923881	2924405	3.6533	0.8485	3.5
gene-CD630_RS13585		2924424	2925566	2.7909	3.5	5.2079
gene-CD630_RS13590		2925846	2928233	4.9715	5.2079	N/A
gene-CD630_RS13595		2928226	2928909	6.2749	N/A	4.1638
gene-CD630_RS13600		2929026	2930336	5.0252	4.1638	N/A
gene-CD630_RS13605		2930330	2931037	2.7288	N/A	2.5493
gene-CD630_RS13610		2931342	2933183	4.418	2.5493	2.2689
gene-CD630_RS13615		2933396	2934280	4.3277	2.2689	6.7923
gene-CD630_RS13625		2935547	2936881	8.8772	25.1702	7.1265
gene-CD630_RS13640		2939907	2941325	9.9274	2.7857	10.0
gene-CD630_RS13645		2941343	2942419	8.2581	10.0	9.2
gene-CD630_RS13655		2944741	2945721	4.7727	7.0	34.2838
gene-CD630_RS13680		2951361	2952101	5.1336	83.4937	0.0
gene-CD630_RS13685		2952104	2953351	4.5088	0.0	18.6667
gene-CD630_RS13695		2954592	2954690	5.2222	2.0	30.5051
gene-CD630_RS13700		2955473	2955760	0.0	30.5051	0.0
gene-CD630_RS13705		2955773	2957692	0.8526	0.0	28.6152
gene-CD630_RS13745		2964535	2964687	0.9346	909.9497	0.0412
gene-CD630_RS13750		2964785	2965261	0.1719	0.0412	0.5183
gene-CD630_RS13755		2965480	2966241	5.1811	0.5183	2.3822
gene-CD630_RS13760		2966501	2968429	2.7351	2.3822	1.1803
gene-CD630_RS13765		2968663	2969115	0.0	1.1803	0.0
gene-CD630_RS13770		2969118	2969426	3.7152	0.0	1.7168
gene-CD630_RS13775		2969540	2970646	0.2602	1.7168	2.1081
gene-CD630_RS13780	mngB	2970721	2973399	1.1609	2.1081	1.6867
gene-CD630_RS13785		2973716	2976052	2.4228	1.6867	N/A
gene-CD630_RS13820		2980933	2981670	4.6707	9.2784	94.8318
gene-CD630_RS13910		3002093	3003304	6.6056	26.4832	9.5053
gene-CD630_RS13920		3004481	3005428	9.9768	5.2646	N/A
gene-CD630_RS13925	lspA	3005397	3005843	4.0112	N/A	0.4563
gene-CD630_RS13930		3006153	3006932	0.0641	0.4563	0.0
gene-CD630_RS13935		3006987	3007469	0.0	0.0	8.3509
gene-CD630_RS13950		3010077	3011279	7.0025	18.0	4.8613
gene-CD630_RS13990		3017040	3017738	6.5565	7.3182	111.0804
gene-CD630_RS14020		3023365	3024237	0.9313	4.0397	33.1017
gene-CD630_RS14060		3032001	3033041	8.5572	1.7605	20.5628
gene-CD630_RS14075		3035444	3037399	6.2587	8.9377	16.8022
gene-CD630_RS14105		3043993	3044193	0.8159	8.0042	0.0
gene-CD630_RS14110		3044195	3045127	0.3462	0.0	0.0
gene-CD630_RS14115		3045172	3046104	0.1008	0.0	21.3889
gene-CD630_RS14140		3049425	3049688	4.8826	3.2381	1.3107
gene-CD630_RS14145	sigG	3049792	3050565	0.3876	1.3107	0.0
gene-CD630_RS14150	sigE	3050657	3051379	0.4537	0.0	1.0
gene-CD630_RS14155		3051404	3052249	0.3605	1.0	1.4177
gene-CD630_RS14160		3052566	3053840	1.4188	1.4177	148.6028
gene-CD630_RS14215		3064681	3066660	1.6934	16.006	0.0
gene-CD630_RS14220		3066672	3067019	0.9713	0.0	7.9542
gene-CD630_RS14230	lgt	3068465	3069211	9.8474	13.4483	5.3791
gene-CD630_RS14235		3069605	3070891	6.9596	5.3791	4.7143
gene-CD630_RS14280		3084984	3085955	6.2325	6.5033	N/A
gene-CD630_RS14285		3085956	3086933	5.2474	N/A	8.6284
gene-CD630_RS14295		3088817	3089776	7.1969	77.2	7.0
gene-CD630_RS14300		3089779	3090591	8.0025	7.0	19.4093
gene-CD630_RS14310		3092064	3093242	0.0	0.1695	0.0
gene-CD630_RS14315		3093251	3093907	0.0	0.0	N/A
gene-CD630_RS14320		3093907	3094572	0.0	N/A	0.0
gene-CD630_RS14325		3094677	3095453	0.462	0.0	1.0789
gene-CD630_RS14330		3095530	3096864	0.6067	1.0789	0.0
gene-CD630_RS14335		3097360	3098292	0.1318	0.0	775.3214
gene-CD630_RS14360		3105805	3106266	0.3333	5.1667	0.117
gene-CD630_RS14365		3106455	3106916	1.816	0.117	9.4239
gene-CD630_RS19830		3107009	3107179	1.4561	9.4239	18.9947
gene-CD630_RS14375		3107673	3108899	7.0196	28.1446	2.6721
gene-CD630_RS14380		3108961	3109893	6.433	2.6721	39.7614
gene-CD630_RS14440	brnQ	3123052	3124323	5.4159	11.4876	7.8143
gene-CD630_RS14445		3124464	3125117	6.9801	7.8143	15.008
gene-CD630_RS14460		3128684	3130549	5.8687	35.8701	1.0128
gene-CD630_RS14465		3130785	3132002	0.3612	1.0128	0.0804
gene-CD630_RS14470	aroE	3132202	3133065	0.8576	0.0804	0.0
gene-CD630_RS14475		3133147	3135069	0.0374	0.0	0.2179
gene-CD630_RS14480		3135148	3135996	0.1519	0.2179	4.2913
gene-CD630_RS14485		3136409	3137290	8.5159	4.2913	12.2319
gene-CD630_RS14615		3167086	3169206	0.975	7.9914	0.8705
gene-CD630_RS14620		3169431	3170597	0.9863	0.8705	0.0
gene-CD630_RS14625	nhaC	3170622	3172064	0.8032	0.0	3.0
gene-CD630_RS14630		3172067	3172336	0.8	3.0	21.2632
gene-CD630_RS14695		3188836	3190500	7.5219	0.75	33.0875
gene-CD630_RS14725		3195904	3196569	3.3303	1.0904	288.5129
gene-CD630_RS14775	uppS	3210622	3211266	2.0744	9.3902	19.587
gene-CD630_RS14890		3238591	3239910	7.625	27.5217	7.1955
gene-CD630_RS14895		3240044	3241621	7.6483	7.1955	68.6182
gene-CD630_RS14960		3269001	3270896	4.4209	1.3297	184.0754
gene-CD630_RS14995	ruvB	3275616	3276635	6.6108	14.8707	3.9528
gene-CD630_RS15000	ruvA	3276742	3277344	6.0033	3.9528	N/A
gene-CD630_RS15005	ruvC	3277337	3277846	4.1941	N/A	0.6077
gene-CD630_RS15010		3278158	3278787	0.1857	0.6077	0.0149
gene-CD630_RS15015		3278990	3279313	0.4321	0.0149	2.8577
gene-CD630_RS15020		3279581	3280435	8.8912	2.8577	7.8919
gene-CD630_RS15025		3280621	3282057	0.7564	7.8919	0.9143
gene-CD630_RS15030		3282128	3283510	0.7332	0.9143	2.1259
gene-CD630_RS15035	garR	3283646	3284554	0.0	2.1259	1.0204
gene-CD630_RS15040		3284947	3285618	7.1964	1.0204	11.0098
gene-CD630_RS15060		3288791	3290518	3.4421	N/A	2.5492
gene-CD630_RS15065		3290763	3291029	0.9401	2.5492	2.3403
gene-CD630_RS15075		3292794	3293300	1.1913	31.2424	4.0
gene-CD630_RS15080		3293302	3293949	1.4321	4.0	5.6154
gene-CD630_RS15085		3293963	3295135	2.191	5.6154	1.9813
gene-CD630_RS15090		3295403	3296779	6.528	1.9813	9.2706
gene-CD630_RS15105	bilQ	3299417	3299863	5.8949	15.0	1.741
gene-CD630_RS15125		3303646	3306564	2.8441	34.6324	6.3799
gene-CD630_RS15130		3306894	3308072	9.3664	6.3799	1.7308
gene-CD630_RS15135		3308697	3311471	0.3964	1.7308	0.0
gene-CD630_RS15140	glyA	3311643	3312899	0.8974	0.0	1.6901
gene-CD630_RS15145		3312971	3314473	0.2216	1.6901	0.0
gene-CD630_RS15150		3314564	3315754	0.1478	0.0	0.0
gene-CD630_RS15155		3315993	3317081	0.112	0.0	0.919
gene-CD630_RS15160		3317366	3318064	0.7854	0.919	0.0
gene-CD630_RS15165		3318178	3319683	0.0	0.0	9.3182
gene-CD630_RS15170	serS	3320190	3321461	4.6517	9.3182	0.962
gene-CD630_RS15175		3322277	3323881	1.8399	0.962	11.7195
gene-CD630_RS15190		3326415	3326852	3.5114	3.1553	1.6706
gene-CD630_RS15195		3326938	3327525	9.7823	1.6706	19.9431
gene-CD630_RS20290	phnW	3330441	3332351	8.3747	9.4385	10.6547
gene-CD630_RS15245		3338142	3339161	6.8657	10.1324	9.2
gene-CD630_RS15250		3339337	3339876	9.1463	9.2	25.99
gene-CD630_RS15260		3340686	3341975	9.8721	3.6071	2.8795
gene-CD630_RS15265		3342424	3344025	0.8533	2.8795	0.0
gene-CD630_RS15270		3344136	3344813	0.0	0.0	0.0
gene-CD630_RS15275		3344830	3345525	0.1178	0.0	0.0
gene-CD630_RS15280		3345577	3346776	0.5133	0.0	0.4731
gene-CD630_RS15285		3347037	3349082	1.0029	0.4731	0.439
gene-CD630_RS15290		3349493	3350302	1.0259	0.439	0.0
gene-CD630_RS15295		3350386	3350919	0.7303	0.0	25.8792
gene-CD630_RS15305		3352430	3353812	9.6255	25.2727	3.7284
gene-CD630_RS15310		3354056	3355270	0.0	3.7284	0.2841
gene-CD630_RS15315		3355447	3357360	3.6625	0.2841	2.5037
gene-CD630_RS15320		3357631	3358605	0.5897	2.5037	0.0
gene-CD630_RS15325		3358626	3358901	0.1486	0.0	0.0
gene-CD630_RS15330		3358914	3360077	0.3076	0.0	5.9643
gene-CD630_RS15340		3362788	3364128	1.1842	14.3936	0.0
gene-CD630_RS15345		3364140	3364922	1.5811	0.0	0.0
gene-CD630_RS15350		3364937	3365959	0.175	0.0	0.0
gene-CD630_RS15355		3365965	3366978	0.0	0.0	0.0
gene-CD630_RS15360		3367106	3368044	0.0	0.0	6.3941
gene-CD630_RS15385		3371364	3372677	4.9521	0.0	10.1429
gene-CD630_RS15395		3373210	3373914	2.5801	5.6884	2.7444
gene-CD630_RS15400		3374005	3375366	1.616	2.7444	3.6787
gene-CD630_RS15410		3377100	3378818	0.5596	99.125	0.0
gene-CD630_RS20295		3378823	3379332	0.4471	0.0	0.0
gene-CD630_RS20300		3379342	3379692	0.5014	0.0	111.7538
gene-CD630_RS15440		3383378	3383674	1.5152	2.1266	7.875
gene-CD630_RS15445		3383691	3384506	0.5919	7.875	N/A
gene-CD630_RS15450		3384503	3384763	0.3142	N/A	0.0
gene-CD630_RS15455		3384783	3385013	0.4242	0.0	0.7941
gene-CD630_RS15460		3385048	3385230	2.0929	0.7941	N/A
gene-CD630_RS15465		3385230	3385523	2.6939	N/A	0.0
gene-CD630_RS15470		3385540	3387237	1.7267	0.0	0.0
gene-CD630_RS15475		3387255	3388058	0.3321	0.0	0.0
gene-CD630_RS15480		3388070	3388687	0.0	0.0	N/A
gene-CD630_RS15490		3389730	3390149	1.3071	N/A	1.0
gene-CD630_RS15495		3390154	3390414	0.6398	1.0	0.0
gene-CD630_RS15500		3390428	3392398	0.2922	0.0	N/A
gene-CD630_RS15505		3392391	3393080	0.3623	N/A	1.0
gene-CD630_RS15510		3393096	3395447	0.5991	1.0	55.1286
gene-CD630_RS15530		3398857	3399297	0.0204	61.0353	0.0
gene-CD630_RS15535		3399369	3399839	0.3864	0.0	0.0
gene-CD630_RS15540		3399856	3401166	0.2746	0.0	0.0
gene-CD630_RS19845		3401168	3401353	0.0	0.0	N/A
gene-CD630_RS15560		3402533	3402934	0.3358	N/A	0.0
gene-CD630_RS15565		3402944	3403177	0.3504	0.0	N/A
gene-CD630_RS15570		3403177	3404076	0.3056	N/A	0.0
gene-CD630_RS15575		3404088	3404651	0.0	0.0	1.6052
gene-CD630_RS15580		3404961	3405203	5.7654	1.6052	N/A
gene-CD630_RS15590		3406652	3408091	0.0	N/A	0.0
gene-CD630_RS15595		3408097	3409338	0.0	0.0	N/A
gene-CD630_RS15635		3414864	3415352	0.6871	3.5438	0.8817
gene-CD630_RS15640		3415446	3416186	1.8057	0.8817	0.0
gene-CD630_RS15645		3416249	3416656	0.0	0.0	N/A
gene-CD630_RS15650		3416646	3417044	0.0	N/A	0.0
gene-CD630_RS15655		3417187	3417513	0.2508	0.0	0.0
gene-CD630_RS15660		3417584	3417955	0.2581	0.0	N/A
gene-CD630_RS19855		3417948	3418121	0.0	N/A	0.0
gene-CD630_RS15665		3418130	3418513	0.1068	0.0	0.0
gene-CD630_RS15670		3418525	3419520	0.0472	0.0	3.4894
gene-CD630_RS15675		3419615	3419890	2.3587	3.4894	0.0
gene-CD630_RS15680		3419942	3420100	0.0	0.0	0.0
gene-CD630_RS15685		3420219	3420392	0.0	0.0	N/A
gene-CD630_RS15690		3420498	3420878	0.0	N/A	0.0
gene-CD630_RS15695		3420882	3421232	0.0	0.0	0.0
gene-CD630_RS15700		3421244	3421507	0.4091	0.0	2.7397
gene-CD630_RS15705	ssb	3421581	3421997	0.0	2.7397	0.0
gene-CD630_RS15710		3422013	3422186	0.0	0.0	0.0
gene-CD630_RS15715		3422246	3423196	1.8023	0.0	0.0
gene-CD630_RS15720		3423205	3423795	0.9746	0.0	5.5556
gene-CD630_RS15725		3423805	3424314	2.3039	5.5556	1.3882
gene-CD630_RS15730		3424400	3424717	2.3648	1.3882	0.0
gene-CD630_RS15735		3424817	3425044	0.0	0.0	N/A
gene-CD630_RS15740		3425019	3425207	0.0	N/A	1.2615
gene-CD630_RS15745		3425273	3426067	0.1761	1.2615	1.7872
gene-CD630_RS15750		3426115	3426336	1.2703	1.7872	2.5694
gene-CD630_RS15850		3448377	3448577	6.9204	1.3996	9.8932
gene-CD630_RS15855		3448784	3449374	6.2673	9.8932	0.0
gene-CD630_RS15860	dpsA	3449377	3450252	1.9384	0.0	0.6133
gene-CD630_RS15865		3450328	3451719	1.8075	0.6133	0.0
gene-CD630_RS15870		3451723	3452859	2.2858	0.0	7.8065
gene-CD630_RS15875		3452891	3453436	1.5952	7.8065	1.9102
gene-CD630_RS15885		3454994	3455422	8.1305	6.0286	12.264
gene-CD630_RS15910	cas5b	3461092	3461793	8.1738	9.7	17.0
gene-CD630_RS15920	cas8a1	3462711	3464588	8.5772	12.0	7.0
gene-CD630_RS15925	cas6	3464594	3465331	9.9458	7.0	4.2078
gene-CD630_RS15930		3465409	3466326	5.1558	4.2078	2.4516
gene-CD630_RS15935		3466606	3468522	0.9051	2.4516	N/A
gene-CD630_RS15940		3468522	3469268	0.1941	N/A	0.6019
gene-CD630_RS15945		3469372	3470223	0.6362	0.6019	5.2429
gene-CD630_RS15950		3470471	3471259	3.0875	5.2429	1.2444
gene-CD630_RS15955		3471485	3472177	0.7172	1.2444	5.1853
gene-CD630_RS15960		3472491	3473450	4.6302	5.1853	12.625
gene-CD630_RS15975		3475137	3475766	4.2143	N/A	4.4289
gene-CD630_RS15985	nrdF	3476863	3477834	6.1646	9.7467	7.8333
gene-CD630_RS15990	nrdE	3477847	3479946	9.4152	7.8333	4.4151
gene-CD630_RS15995		3480424	3481149	8.073	4.4151	34.4803
gene-CD630_RS16015		3485165	3486058	1.6141	19.7289	0.0
gene-CD630_RS16020		3486138	3487040	0.1816	0.0	0.0
gene-CD630_RS16025		3487090	3488250	0.4212	0.0	0.0
gene-CD630_RS16030		3488406	3488711	0.0	0.0	0.4227
gene-CD630_RS16035		3488809	3489783	0.1795	0.4227	4.9105
gene-CD630_RS16050		3492774	3493643	2.6621	12.987	2.8034
gene-CD630_RS20065		3493761	3494474	2.8585	2.8034	23.8784
gene-CD630_RS16115		3508294	3509037	3.0255	4.2935	1.07
gene-CD630_RS16120		3509381	3510817	1.3591	1.07	0.0
gene-CD630_RS16125		3511027	3512427	0.3776	0.0	0.0
gene-CD630_RS16130		3512454	3513800	0.0304	0.0	4.3913
gene-CD630_RS16135		3514169	3514843	4.9956	4.3913	0.0
gene-CD630_RS16140		3514904	3515650	2.083	0.0	0.6229
gene-CD630_RS16145		3516009	3516479	1.862	0.6229	12.6957
gene-CD630_RS16150		3516503	3517102	5.1617	12.6957	0.0
gene-CD630_RS16155		3517120	3518304	1.3747	0.0	N/A
gene-CD630_RS16180		3524014	3524766	1.0691	4.1316	N/A
gene-CD630_RS16190		3525860	3527215	7.8186	16.0533	9.8631
gene-CD630_RS16200		3529842	3531251	8.322	11.4491	0.0
gene-CD630_RS16205		3531255	3532385	3.6393	0.0	4.0
gene-CD630_RS16210		3532397	3533200	4.2438	4.0	31.7769
gene-CD630_RS16220		3534919	3535893	8.1005	1.3363	94.3043
gene-CD630_RS16235		3538547	3539467	3.3659	24.1875	0.3761
gene-CD630_RS16240	murQ	3539577	3540491	1.7016	0.3761	0.1646
gene-CD630_RS16245		3540571	3541668	1.1138	0.1646	2.8017
gene-CD630_RS16250		3541901	3543247	0.2829	2.8017	1.8068
gene-CD630_RS16255		3543336	3543644	2.1294	1.8068	2.0421
gene-CD630_RS16260		3543906	3544304	1.6591	2.0421	3.0
gene-CD630_RS16265	anmK	3544306	3545457	2.0998	3.0	4.0046
gene-CD630_RS16270		3545897	3546916	2.65	4.0046	N/A
gene-CD630_RS16275		3546910	3547590	6.0499	N/A	6.0795
gene-CD630_RS16280		3547742	3549649	1.6719	6.0795	N/A
gene-CD630_RS16285		3549650	3550402	0.6215	N/A	0.8991
gene-CD630_RS16290		3550720	3551871	0.8507	0.8991	0.0
gene-CD630_RS16295		3551874	3552341	0.0	0.0	0.0
gene-CD630_RS16300		3552355	3552843	0.6094	0.0	6.4615
gene-CD630_RS16305		3552857	3554188	0.6149	6.4615	10.0
gene-CD630_RS16310		3554202	3555767	0.3678	10.0	1.4107
gene-CD630_RS16320		3556888	3558087	0.7583	12.1205	4.3359
gene-CD630_RS16325	xylA	3558609	3559946	3.1532	4.3359	2.3368
gene-CD630_RS16330	xylB	3560042	3561592	2.2734	2.3368	5.1256
gene-CD630_RS16360		3565624	3567702	4.9524	N/A	1.2218
gene-CD630_RS16365		3568501	3569022	0.0	1.2218	1.4788
gene-CD630_RS16375		3570276	3571145	0.0	10.5701	0.0
gene-CD630_RS16380		3571165	3573081	0.1362	0.0	0.0
gene-CD630_RS16385		3573084	3574004	0.0	0.0	0.4059
gene-CD630_RS16390		3574106	3574858	1.1368	0.4059	0.0
gene-CD630_RS16395		3575154	3575771	0.2896	0.0	2.9184
gene-CD630_RS16400		3575870	3577306	0.7481	2.9184	0.0
gene-CD630_RS16405		3577337	3577690	0.0	0.0	0.0
gene-CD630_RS16410		3577719	3578951	0.0	0.0	0.0
gene-CD630_RS16415		3578974	3579291	0.0	0.0	0.4564
gene-CD630_RS16420		3579533	3581446	0.5277	0.4564	3.1639
gene-CD630_RS16425		3581569	3582723	2.4416	3.1639	1.7374
gene-CD630_RS16430	mngB	3583002	3585617	0.9771	1.7374	1.3427
gene-CD630_RS16435	mngA	3585761	3587686	0.8432	1.3427	9.4884
gene-CD630_RS16440		3587816	3588541	8.9132	9.4884	413.3626
gene-CD630_RS16475		3596426	3598435	0.6667	1.6296	2.5995
gene-CD630_RS16480		3598873	3600306	2.3431	2.5995	2.0
gene-CD630_RS16485		3600322	3601746	0.586	2.0	1.4302
gene-CD630_RS16490		3601833	3603749	1.1398	1.4302	0.0
gene-CD630_RS16495		3603823	3604683	1.4762	0.0	14.6086
gene-CD630_RS16510		3608221	3609873	0.2377	55.362	0.0
gene-CD630_RS16515		3609893	3611296	2.0456	0.0	8.1742
gene-CD630_RS16525		3612078	3612890	2.861	8.32	2.0
gene-CD630_RS16530		3612903	3614054	0.4253	2.0	0.052
gene-CD630_RS16535		3614324	3614965	5.8364	0.052	40.56
gene-CD630_RS16540		3614991	3616535	8.9294	40.56	9.0603
gene-CD630_RS16545		3616735	3617361	0.5136	9.0603	4.2836
gene-CD630_RS16550		3617496	3618212	1.7336	4.2836	0.5247
gene-CD630_RS16555		3618638	3619852	1.5523	0.5247	4.2382
gene-CD630_RS16560		3620470	3621798	5.2152	4.2382	11.9635
gene-CD630_RS16565		3621936	3623126	0.2964	11.9635	0.0
gene-CD630_RS16570		3623232	3624611	0.7877	0.0	0.0
gene-CD630_RS16575		3624642	3625850	0.3242	0.0	2.7295
gene-CD630_RS16580		3626875	3628329	4.2976	2.7295	1.8947
gene-CD630_RS16585		3628349	3630220	1.6261	1.8947	N/A
gene-CD630_RS16590		3630210	3631070	0.741	N/A	2.5476
gene-CD630_RS16595		3631869	3632273	1.1407	2.5476	2.0628
gene-CD630_RS16600		3632465	3633652	0.9343	2.0628	0.0
gene-CD630_RS20400		3633684	3633899	2.3426	0.0	8.4074
gene-CD630_RS20405		3633927	3634118	2.3438	8.4074	0.9576
gene-CD630_RS20150		3634237	3634365	0.5116	0.9576	0.4328
gene-CD630_RS16610		3634567	3635316	7.652	0.4328	6.3455
gene-CD630_RS16615		3635482	3635847	2.6093	6.3455	0.0
gene-CD630_RS16620		3635863	3636639	0.8636	0.0	5.0463
gene-CD630_RS16625		3637050	3638477	6.0819	5.0463	5.8167
gene-CD630_RS16630		3638538	3640466	4.9025	5.8167	0.7431
gene-CD630_RS16635		3640611	3641453	4.5457	0.7431	7.5601
gene-CD630_RS16640		3641770	3643170	2.9015	7.5601	0.1053
gene-CD630_RS16645	pgmB	3643209	3643880	3.5952	0.1053	3.0
gene-CD630_RS16650		3643882	3646272	2.9598	3.0	2.64
gene-CD630_RS16655		3646298	3647746	4.8282	2.64	4.104
gene-CD630_RS16660		3648151	3649038	5.0833	4.104	3.1313
gene-CD630_RS16665		3649138	3649587	4.1689	3.1313	N/A
gene-CD630_RS16670		3649577	3651484	1.7652	N/A	0.8165
gene-CD630_RS16675		3651752	3653647	0.2437	0.8165	0.0
gene-CD630_RS16680		3653683	3654561	1.4721	0.0	1.1222
gene-CD630_RS16685		3655266	3656699	3.4038	1.1222	4.7727
gene-CD630_RS16690		3656722	3658563	2.9739	4.7727	6.976
gene-CD630_RS16695		3658689	3659522	7.8621	6.976	8.7565
gene-CD630_RS16700		3660566	3660772	7.4348	8.7565	5.8333
gene-CD630_RS16705		3660779	3661195	5.765	5.8333	0.2899
gene-CD630_RS16710		3661265	3661678	7.2198	0.2899	2.0792
gene-CD630_RS16715		3662512	3663141	3.4794	2.0792	8.8333
gene-CD630_RS16720		3663220	3664182	7.6314	8.8333	8.2116
gene-CD630_RS20075		3668983	3669357	1.312	2.8305	11.4725
gene-CD630_RS16755		3681078	3681821	0.0	7.6553	0.0
gene-CD630_RS16760		3681843	3682157	0.0	0.0	0.0
gene-CD630_RS16765		3682161	3682361	0.0	0.0	0.6496
gene-CD630_RS16780		3683524	3684012	8.8078	10.3056	9.011
gene-CD630_RS16785		3684104	3684856	6.9004	9.011	N/A
gene-CD630_RS16820		3688992	3689819	8.9251	10.6828	3.7564
gene-CD630_RS16825		3690834	3691298	2.9548	3.7564	10.8571
gene-CD630_RS16840		3693425	3694297	3.6942	N/A	5.4064
gene-CD630_RS16845		3694827	3695318	2.9146	5.4064	6.2417
gene-CD630_RS16855		3698796	3699410	2.2244	2.152	0.0
gene-CD630_RS16860		3699428	3699790	3.4628	0.0	17.6667
gene-CD630_RS16870		3701007	3701405	5.2331	8.708	N/A
gene-CD630_RS16920	xdh	3713531	3716092	1.2221	9.8278	N/A
gene-CD630_RS16925	hydA	3716086	3717477	1.5826	N/A	5.5142
gene-CD630_RS16930		3717760	3718869	2.5279	5.5142	3.0785
gene-CD630_RS16935		3719061	3720413	3.1027	3.0785	5.1616
gene-CD630_RS16940	ssnA	3720612	3721940	2.4575	5.1616	6.2222
gene-CD630_RS16945		3721968	3723551	4.9817	6.2222	2.4
gene-CD630_RS16950		3723567	3724754	2.548	2.4	5.9748
gene-CD630_RS16955	dpaL	3725192	3726406	2.6848	5.9748	6.6203
gene-CD630_RS17000		3736512	3737438	0.1338	9.2717	0.6371
gene-CD630_RS17005		3738048	3738968	2.9718	0.6371	5.6588
gene-CD630_RS17010		3739054	3741474	2.0045	5.6588	N/A
gene-CD630_RS17015		3741474	3742496	6.9531	N/A	7.3158
gene-CD630_RS17020		3742649	3743395	6.9612	7.3158	24.2353
gene-CD630_RS17025	cme	3743481	3744731	2.191	24.2353	1.3643
gene-CD630_RS17030		3745248	3746261	0.0089	1.3643	3.0
gene-CD630_RS17035		3746264	3747292	0.7765	3.0	N/A
gene-CD630_RS20160		3748134	3748256	0.0	N/A	3.3725
gene-CD630_RS17045		3748555	3749685	3.5066	3.3725	N/A
gene-CD630_RS17080		3754968	3755495	7.0	N/A	1.3584
gene-CD630_RS17085		3755775	3756290	3.4244	1.3584	5.1875
gene-CD630_RS17090		3756339	3756842	3.8274	5.1875	N/A
gene-CD630_RS17110		3759095	3759964	0.1724	0.9878	2.5074
gene-CD630_RS17115		3760302	3761063	1.1365	2.5074	0.0
gene-CD630_RS17120		3761079	3762614	2.7005	0.0	0.6489
gene-CD630_RS17125		3763028	3765268	0.0812	0.6489	1.7837
gene-CD630_RS17130		3765796	3766596	3.1548	1.7837	4.2667
gene-CD630_RS17140		3768145	3768891	5.9946	0.766	N/A
gene-CD630_RS17195	bclA2	3780151	3781827	2.619	14.1473	8.4801
gene-CD630_RS17210		3784804	3786579	9.4133	8.9292	N/A
gene-CD630_RS17220		3787544	3788179	1.0267	16.1475	3.7106
gene-CD630_RS20165		3791375	3791842	8.6624	5.4231	20.0714
gene-CD630_RS17275	prdC	3801552	3802865	6.8706	117.1425	4.4665
gene-CD630_RS17280		3803254	3804018	2.881	4.4665	7.0069
gene-CD630_RS17285		3804309	3804512	8.6667	7.0069	29.8526
gene-CD630_RS17325		3814559	3815386	3.0471	25.0648	0.0
gene-CD630_RS17330		3815434	3816870	0.1649	0.0	9.1163
gene-CD630_RS17335		3816957	3817826	8.1644	9.1163	2.535
gene-CD630_RS17340	phoU	3817984	3818637	0.3226	2.535	0.0
gene-CD630_RS17345	pstB	3818665	3819429	0.0	0.0	0.0
gene-CD630_RS17350	pstA	3819448	3820272	0.6618	0.0	3.0
gene-CD630_RS17355	pstC	3820274	3821191	0.6449	3.0	0.2269
gene-CD630_RS17360		3821571	3822017	0.2036	0.2269	1.8027
gene-CD630_RS17365		3822535	3823215	4.3465	1.8027	5.3878
gene-CD630_RS17370		3823265	3825280	4.8447	5.3878	4.3239
gene-CD630_RS17375		3825352	3826029	3.5147	4.3239	8.5223
gene-CD630_RS17390		3829870	3830535	5.3514	8.9846	11.54
gene-CD630_RS17415		3834001	3835056	1.3703	44.7921	0.0
gene-CD630_RS17420		3835104	3835904	0.1099	0.0	N/A
gene-CD630_RS17425		3835897	3836688	0.5808	N/A	2.7179
gene-CD630_RS17430		3836728	3837150	0.0615	2.7179	2.0
gene-CD630_RS17435		3837166	3837645	0.0542	2.0	11.2519
gene-CD630_RS17440		3837777	3840533	2.1737	11.2519	7.4322
gene-CD630_RS17495		3854197	3854781	1.7145	21.3095	2.0
gene-CD630_RS17500		3854796	3855239	1.6532	2.0	N/A
gene-CD630_RS17505		3855240	3856112	0.6632	N/A	0.0
gene-CD630_RS17510		3856165	3856524	0.625	0.0	0.0
gene-CD630_RS17515		3856578	3857663	0.9263	0.0	5.4235
gene-CD630_RS17520		3857834	3859213	2.7725	5.4235	N/A
gene-CD630_RS17525		3859206	3859886	5.4875	N/A	1.5141
gene-CD630_RS17530		3860278	3861357	0.4602	1.5141	20.8908
gene-CD630_RS17600		3877134	3878417	0.5179	0.7861	61.5844
gene-CD630_RS17635	cprR	3885750	3886409	1.903	10.2952	1.8387
gene-CD630_RS17640		3886720	3887349	4.8762	1.8387	3.3284
gene-CD630_RS17645		3887417	3888250	8.5887	3.3284	17.419
gene-CD630_RS17680		3893150	3893569	0.0	N/A	9.2883
gene-CD630_RS17690		3894559	3895254	5.3736	64.9375	8.6536
gene-CD630_RS17715		3897502	3898410	0.4147	46.9734	3.0
gene-CD630_RS17720		3898427	3899431	0.4478	3.0	N/A
gene-CD630_RS17735		3904243	3904635	0.0	N/A	0.0
gene-CD630_RS17740		3904725	3905222	0.0	0.0	0.0
gene-CD630_RS20085		3905239	3905511	0.0	0.0	0.0
gene-CD630_RS17760		3906498	3906719	0.0	1.3838	0.0
gene-CD630_RS17765	mobT	3906771	3907982	0.0	0.0	0.0
gene-CD630_RS17770		3908146	3909543	0.0	0.0	0.0
gene-CD630_RS17775		3909579	3909956	0.0	0.0	0.0
gene-CD630_RS17780		3909978	3910292	0.0	0.0	6.4258
gene-CD630_RS17795	bclA3	3912316	3914301	9.8313	19.404	0.0
gene-CD630_RS17800		3914368	3915444	0.0	0.0	4.9035
gene-CD630_RS17805	clpP	3915756	3916340	6.5419	4.9035	N/A
gene-CD630_RS17810		3916337	3916819	4.1946	N/A	1.4697
gene-CD630_RS17815		3917018	3918433	0.7698	1.4697	1.5263
gene-CD630_RS17820		3918548	3919216	4.6667	1.5263	19.375
gene-CD630_RS17845		3922361	3923899	4.1819	15.1782	6.4244
gene-CD630_RS17850		3924171	3924884	4.5392	6.4244	3.0425
gene-CD630_RS17855		3925332	3926711	1.1196	3.0425	2.662
gene-CD630_RS17860		3926996	3927787	1.7753	2.662	N/A
gene-CD630_RS17870		3928628	3929623	1.9327	N/A	7.3917
gene-CD630_RS19905		3931675	3932565	4.4388	20.0612	0.4633
gene-CD630_RS17885		3932743	3933441	2.6137	0.4633	0.2692
gene-CD630_RS17890	rsgA	3933977	3935044	0.3408	0.2692	N/A
gene-CD630_RS17900		3936975	3937613	1.4554	12.2543	8.4037
gene-CD630_RS17910		3939925	3940068	1.8333	23.5161	1.5786
gene-CD630_RS17915		3940387	3940623	1.7975	1.5786	0.0
gene-CD630_RS17920		3940631	3941047	0.3933	0.0	N/A
gene-CD630_RS17925		3941044	3941343	0.6233	N/A	3.039
gene-CD630_RS17930		3942394	3942561	2.7857	3.039	0.75
gene-CD630_RS17935	mgtA	3942574	3945339	1.2339	0.75	2.3697
gene-CD630_RS17940		3945505	3945816	1.0577	2.3697	0.5244
gene-CD630_RS17945		3946063	3946740	2.1652	0.5244	16.0584
gene-CD630_RS17960		3950153	3950305	1.6209	5.8804	0.0
gene-CD630_RS17965		3950321	3950653	1.2823	0.0	2.3037
gene-CD630_RS17970		3950845	3951747	2.0177	2.3037	0.75
gene-CD630_RS17975		3951764	3952771	1.379	0.75	N/A
gene-CD630_RS17990		3957397	3957795	2.5038	N/A	6.0427
gene-CD630_RS17995		3957913	3958416	4.5595	6.0427	8.8824
gene-CD630_RS18000		3958434	3958937	2.4048	8.8824	N/A
gene-CD630_RS18020		3960305	3960438	7.403	N/A	3.8333
gene-CD630_RS18025	mobT	3960451	3961641	2.6566	3.8333	2.5027
gene-CD630_RS18030		3961825	3963219	3.4459	2.5027	12.0
gene-CD630_RS18040		3963635	3963961	5.6606	12.0	6.9496
gene-CD630_RS18050		3964200	3967244	4.0982	6.9496	20.4463
gene-CD630_RS18155		3998347	3999609	2.692	3.1667	4.4677
gene-CD630_RS18160		3999672	4000976	0.2743	4.4677	0.8333
gene-CD630_RS18165		4001007	4001867	0.1022	0.8333	0.0
gene-CD630_RS18170		4001911	4002780	0.3023	0.0	N/A
gene-CD630_RS18315		4032551	4033738	1.431	28.3673	1.0
gene-CD630_RS18320		4033743	4034813	1.6676	1.0	0.0
gene-CD630_RS18325		4034823	4036145	2.4649	0.0	0.4516
gene-CD630_RS18330		4036177	4036512	1.6518	0.4516	0.0
gene-CD630_RS18335		4036609	4036914	1.4183	0.0	6.0
gene-CD630_RS18340	ypdE	4036929	4037972	1.0096	6.0	2.0
gene-CD630_RS18345		4037975	4039876	1.4642	2.0	6.3877
gene-CD630_RS18350		4040202	4041053	8.8474	6.3877	11.5417
gene-CD630_RS18355		4041102	4042265	8.5215	11.5417	4.7409
gene-CD630_RS18360		4042733	4043650	5.7723	4.7409	4.623
gene-CD630_RS18365	pfkB	4043773	4044702	0.7194	4.623	7.3507
gene-CD630_RS18380		4047632	4048114	9.706	13.9097	6.0547
gene-CD630_RS18560	pepF	4077545	4079437	1.3191	3.3363	2.3543
gene-CD630_RS18565	spoIIE	4079788	4082160	1.4694	2.3543	4.0112
gene-CD630_RS18570		4082250	4083170	2.3203	4.0112	58.7946
gene-CD630_RS18625	pth	4093484	4094044	9.1747	6.6875	6.4615
gene-CD630_RS18630		4094058	4094708	7.0061	6.4615	5.0
gene-CD630_RS18645		4096751	4098289	8.6595	6.4947	12.65
gene-CD630_RS18650		4098310	4098837	9.3769	12.65	7.6667
gene-CD630_RS18665		4100368	4102080	8.3631	N/A	2.0714
gene-CD630_RS18670		4102095	4103303	4.8404	2.0714	9.3636
gene-CD630_RS18675		4103315	4104991	6.2481	9.3636	2.4844
gene-CD630_RS18680		4105120	4105635	9.8178	2.4844	32.9016
gene-CD630_RS18715		4113165	4114061	2.7402	3.8986	148.9081
gene-CD630_RS18755		4122829	4123896	1.0534	10.8372	0.0
gene-CD630_RS18760		4123908	4125596	0.9645	0.0	1.2353
gene-CD630_RS18765		4125614	4126609	0.4177	1.2353	N/A
gene-CD630_RS18770		4126610	4127446	0.3787	N/A	7.0
gene-CD630_RS18775		4127450	4128619	0.3769	7.0	N/A
gene-CD630_RS18780		4128620	4129333	0.0	N/A	0.0
gene-CD630_RS18785		4129374	4130240	0.331	0.0	N/A
gene-CD630_RS18790		4130233	4131102	0.6954	N/A	0.0
gene-CD630_RS18795		4131122	4132207	0.942	0.0	0.0
gene-CD630_RS18800	phnH	4132210	4132785	0.0	0.0	0.0
gene-CD630_RS18805	phnG	4132800	4133231	0.5046	0.0	33.7113
gene-CD630_RS18820		4136701	4137222	0.1705	32.7114	0.0
gene-CD630_RS18825		4137238	4137822	0.0	0.0	37.3511
gene-CD630_RS18870		4145070	4146479	5.6489	12.5077	3.4156
gene-CD630_RS18875		4146634	4146825	0.5	3.4156	1791.8418
gene-CD630_RS18955		4164771	4165256	0.4383	4.7264	0.0
gene-CD630_RS18960	spoIIR	4165307	4165966	0.4288	0.0	29.5455
gene-CD630_RS19000		4172615	4173325	4.0211	95.7719	2.44
gene-CD630_RS19005		4173501	4174031	0.0	2.44	0.0
gene-CD630_RS19010		4174048	4174278	0.9048	0.0	5.5714
gene-CD630_RS19015		4174293	4175687	0.8444	5.5714	5.12
gene-CD630_RS19020		4175813	4177066	3.3963	5.12	0.48
gene-CD630_RS19025		4177117	4178271	3.4251	0.48	3.5957
gene-CD630_RS19040		4180049	4180792	2.7137	26.7477	2.4132
gene-CD630_RS19060		4183531	4186044	4.3632	22.4903	0.9688
gene-CD630_RS19065		4186077	4186763	5.5022	0.9688	7.6951
gene-CD630_RS19070		4186846	4187835	2.7283	7.6951	N/A
gene-CD630_RS19115		4201307	4202536	8.7358	6.6912	63.8431
gene-CD630_RS19195		4216929	4217309	6.021	23.3145	5.6875
gene-CD630_RS19200		4217582	4218511	5.8409	5.6875	5.0
gene-CD630_RS20315		4218515	4218940	4.2089	5.0	11.7875
gene-CD630_RS19225		4223827	4224744	8.1111	7.4513	9.1418
gene-CD630_RS19255		4228641	4229258	2.4466	3.3191	5.0
gene-CD630_RS19260		4229263	4231425	0.6006	5.0	17.5777
gene-CD630_RS19270		4234752	4235384	1.5656	6.174	0.0
gene-CD630_RS19275	dapA	4235490	4236395	0.0	0.0	0.0
gene-CD630_RS19280		4236400	4236999	0.9117	0.0	0.0
gene-CD630_RS19285		4237057	4238328	1.0362	0.0	0.0
gene-CD630_RS19290		4238355	4238642	0.0	0.0	0.0
gene-CD630_RS19295		4238657	4240744	0.6456	0.0	0.5048
gene-CD630_RS19300		4241159	4241680	4.0517	0.5048	1.6393
gene-CD630_RS19305		4241742	4242548	2.0099	1.6393	2.1068
gene-CD630_RS19310		4242652	4243446	2.4969	2.1068	1.3058
gene-CD630_RS19315		4243980	4244834	0.7743	1.3058	0.1613
gene-CD630_RS19320		4244866	4245378	1.0604	0.1613	N/A
gene-CD630_RS19325		4245371	4245595	1.1022	N/A	0.5424
gene-CD630_RS19330		4245655	4246608	1.3218	0.5424	0.0
gene-CD630_RS19335		4246636	4248024	1.113	0.0	0.7684
gene-CD630_RS19340		4248297	4249178	4.5261	0.7684	11.7968
gene-CD630_RS19345		4249366	4250358	4.8741	11.7968	6.0
gene-CD630_RS19350		4250363	4251103	1.5182	6.0	0.0
gene-CD630_RS19355		4251168	4252277	2.4432	0.0	0.0
gene-CD630_RS19360		4252295	4253428	3.179	0.0	0.0
gene-CD630_RS19365		4253430	4254524	0.4813	0.0	0.0
gene-CD630_RS19370		4254661	4255962	1.6736	0.0	15.4709
gene-CD630_RS19385		4257465	4257776	2.0064	7.5106	8.75
gene-CD630_RS19405		4261503	4262966	0.0601	0.7458	5.1774
